,age,perfEval,seniority,basePay,bonus,jobTitle_Data Scientist,jobTitle_Driver,jobTitle_Financial Analyst,jobTitle_Graphic Designer,jobTitle_IT,jobTitle_Manager,jobTitle_Marketing Associate,jobTitle_Sales Associate,jobTitle_Software Engineer,jobTitle_Warehouse Associate,gender_Female,gender_Male,edu_College,edu_High School,edu_Masters,edu_PhD,dept_Administration,dept_Engineering,dept_Management,dept_Operations,dept_Sales
0,18,5,2,42363,9938,0,0,0,1,0,0,0,0,0,0,1,0,1,0,0,0,0,0,0,1,0
1,21,5,5,108476,11128,0,0,0,0,0,0,0,0,1,0,0,1,1,0,0,0,0,0,1,0,0
2,19,4,5,90208,9268,0,0,0,0,0,0,0,0,0,1,1,0,0,0,0,1,1,0,0,0,0
3,20,5,4,108080,10154,0,0,0,0,0,0,0,0,1,0,0,1,0,0,1,0,0,0,0,0,1
4,26,5,5,99464,9319,0,0,0,1,0,0,0,0,0,0,0,1,0,0,1,0,0,1,0,0,0
5,20,5,4,70890,10126,0,0,0,0,1,0,0,0,0,0,1,0,0,0,0,1,0,0,0,1,0
6,20,5,4,67585,10541,0,0,0,1,0,0,0,0,0,0,1,0,1,0,0,0,0,0,0,0,1
7,18,4,5,97523,10240,0,0,0,0,0,0,0,0,1,0,0,1,0,0,0,1,0,1,0,0,0
8,33,5,5,112976,9836,0,0,0,1,0,0,0,0,0,0,1,0,0,1,0,0,0,1,0,0,0
9,35,5,5,106524,9941,0,0,0,0,0,0,0,1,0,0,1,0,1,0,0,0,0,1,0,0,0
10,24,5,5,102261,10212,0,0,0,1,0,0,0,0,0,0,0,1,0,0,0,1,0,1,0,0,0
11,18,5,3,62759,10124,0,1,0,0,0,0,0,0,0,0,1,0,1,0,0,0,0,0,1,0,0
12,19,5,3,84007,8990,0,0,1,0,0,0,0,0,0,0,1,0,1,0,0,0,0,0,0,0,1
13,30,5,5,86220,9583,0,0,0,0,0,0,0,0,0,1,1,0,0,0,1,0,1,0,0,0,0
14,35,5,4,95584,9745,0,0,0,0,0,0,0,0,0,1,1,0,0,0,0,1,0,0,0,1,0
15,27,5,3,73357,10334,0,0,0,0,0,0,1,0,0,0,1,0,0,0,0,1,0,0,1,0,0
16,23,5,5,88422,10768,0,0,1,0,0,0,0,0,0,0,1,0,0,0,0,1,1,0,0,0,0
17,24,5,5,99545,9949,0,0,0,0,0,0,0,0,0,1,1,0,1,0,0,0,1,0,0,0,0
18,21,5,5,90386,9461,0,0,0,0,0,0,0,1,0,0,0,1,0,1,0,0,0,1,0,0,0
19,30,5,5,92067,9838,1,0,0,0,0,0,0,0,0,0,1,0,1,0,0,0,0,1,0,0,0
20,36,5,5,108446,9210,0,0,0,0,0,0,0,0,0,1,0,1,0,0,0,1,0,1,0,0,0
21,24,5,3,83323,9329,0,0,1,0,0,0,0,0,0,0,0,1,0,0,0,1,0,0,0,0,1
22,24,5,3,85205,9792,0,0,0,0,0,0,0,0,0,1,0,1,0,0,0,1,0,0,0,0,1
23,35,5,1,72038,9031,0,1,0,0,0,0,0,0,0,0,1,0,1,0,0,0,0,0,1,0,0
24,21,4,5,132823,9625,0,0,0,0,0,0,0,0,1,0,0,1,0,0,0,1,0,1,0,0,0
25,26,5,2,71182,10015,0,0,0,1,0,0,0,0,0,0,1,0,1,0,0,0,0,1,0,0,0
26,19,5,4,100305,9618,0,0,0,0,0,0,0,0,1,0,0,1,0,0,1,0,1,0,0,0,0
27,35,5,3,88566,9469,0,0,0,1,0,0,0,0,0,0,0,1,0,0,0,1,0,0,1,0,0
28,34,5,4,104271,10177,0,0,0,0,0,0,0,0,0,1,0,1,0,0,0,1,0,1,0,0,0
29,38,5,5,112392,10504,0,0,0,0,1,0,0,0,0,0,1,0,1,0,0,0,1,0,0,0,0
30,20,5,2,66359,10137,0,0,0,0,0,0,0,0,1,0,0,1,0,0,1,0,0,0,1,0,0
31,35,5,5,103007,10512,0,0,0,0,0,0,0,1,0,0,0,1,0,0,1,0,0,0,1,0,0
32,26,5,4,80306,9233,0,0,0,0,0,0,1,0,0,0,1,0,0,0,0,1,0,0,0,1,0
33,22,5,3,74523,9972,1,0,0,0,0,0,0,0,0,0,1,0,0,1,0,0,0,1,0,0,0
34,45,5,5,113252,10139,1,0,0,0,0,0,0,0,0,0,1,0,0,0,0,1,0,0,1,0,0
35,27,5,4,96040,10050,0,0,0,0,0,0,0,0,1,0,0,1,0,0,0,1,0,0,1,0,0
36,21,5,4,91674,9780,0,0,0,0,0,0,0,0,1,0,0,1,0,1,0,0,0,0,1,0,0
37,31,5,3,92928,9094,0,0,0,0,0,0,0,0,1,0,0,1,0,1,0,0,0,0,0,1,0
38,33,5,4,84638,9409,0,0,0,0,1,0,0,0,0,0,1,0,1,0,0,0,0,0,1,0,0
39,19,5,4,78986,9023,0,0,0,0,1,0,0,0,0,0,0,1,1,0,0,0,1,0,0,0,0
40,29,5,5,96355,9784,1,0,0,0,0,0,0,0,0,0,0,1,0,0,0,1,1,0,0,0,0
41,32,5,3,87121,8703,1,0,0,0,0,0,0,0,0,0,0,1,0,0,0,1,0,0,1,0,0
42,31,5,2,88724,8949,0,0,0,0,0,0,0,0,1,0,0,1,0,0,0,1,0,0,0,0,1
43,22,5,2,58219,9868,0,0,0,0,0,0,0,0,0,1,0,1,0,0,1,0,0,1,0,0,0
44,25,5,5,119024,11293,0,0,0,0,0,0,0,0,1,0,0,1,0,0,1,0,0,0,0,0,1
45,22,5,3,81503,9729,0,0,0,0,0,0,0,0,1,0,0,1,0,0,1,0,0,0,1,0,0
46,21,5,3,70643,10033,1,0,0,0,0,0,0,0,0,0,1,0,0,0,0,1,0,0,0,1,0
47,26,5,3,74167,10346,0,0,0,1,0,0,0,0,0,0,1,0,0,0,0,1,0,0,0,0,1
48,21,5,5,86886,9424,0,0,0,0,0,0,1,0,0,0,0,1,1,0,0,0,0,0,1,0,0
49,22,5,4,102120,10215,0,0,0,0,1,0,0,0,0,0,1,0,0,1,0,0,0,0,0,0,1
50,18,4,5,90780,9353,0,0,0,0,0,0,0,1,0,0,0,1,0,0,1,0,0,0,0,1,0
51,18,4,4,89474,9104,0,0,0,0,0,0,0,0,1,0,0,1,0,0,1,0,0,0,0,1,0
52,35,5,5,97376,9564,0,0,0,0,0,0,1,0,0,0,1,0,0,0,0,1,0,1,0,0,0
53,33,5,2,89415,9654,1,0,0,0,0,0,0,0,0,0,1,0,0,0,1,0,0,0,0,0,1
54,22,4,3,88037,8949,0,0,0,0,0,0,0,0,1,0,1,0,0,0,1,0,0,0,0,1,0
55,24,4,4,71105,8623,1,0,0,0,0,0,0,0,0,0,1,0,1,0,0,0,1,0,0,0,0
56,31,5,2,62692,8886,0,1,0,0,0,0,0,0,0,0,1,0,0,1,0,0,0,1,0,0,0
57,40,5,4,112466,9493,0,0,0,0,0,0,0,0,1,0,0,1,0,0,0,1,0,0,1,0,0
58,49,5,3,71193,8331,1,0,0,0,0,0,0,0,0,0,1,0,1,0,0,0,0,0,0,1,0
59,20,5,4,76286,9479,0,0,0,0,0,0,1,0,0,0,1,0,0,0,1,0,1,0,0,0,0
60,18,5,4,97328,9874,0,0,1,0,0,0,0,0,0,0,0,1,0,0,0,1,0,1,0,0,0
61,34,5,3,86766,9841,0,0,0,1,0,0,0,0,0,0,0,1,0,0,1,0,0,0,1,0,0
62,41,5,2,82453,9564,0,0,0,0,0,0,0,0,0,1,1,0,1,0,0,0,0,0,0,1,0
63,19,5,3,88814,10153,0,0,0,0,0,0,0,0,1,0,0,1,0,0,0,1,1,0,0,0,0
64,31,5,4,82832,9958,0,1,0,0,0,0,0,0,0,0,0,1,1,0,0,0,0,0,1,0,0
65,33,5,3,83034,8841,0,0,0,0,0,0,0,1,0,0,1,0,0,1,0,0,0,1,0,0,0
66,53,5,5,127085,9687,0,0,0,0,0,0,0,0,0,1,1,0,1,0,0,0,0,1,0,0,0
67,24,5,1,66168,9242,0,0,0,0,0,0,0,1,0,0,0,1,0,1,0,0,1,0,0,0,0
68,18,5,4,59212,10209,1,0,0,0,0,0,0,0,0,0,0,1,0,0,0,1,1,0,0,0,0
69,18,5,2,55189,9405,1,0,0,0,0,0,0,0,0,0,0,1,0,1,0,0,0,0,0,1,0
70,25,5,5,131311,11067,0,0,0,0,0,1,0,0,0,0,0,1,1,0,0,0,0,1,0,0,0
71,31,5,1,52633,9516,0,0,0,0,0,0,0,1,0,0,1,0,1,0,0,0,0,0,1,0,0
72,31,4,5,101154,10324,0,0,0,0,0,0,0,0,0,1,1,0,0,0,0,1,0,0,0,1,0
73,42,5,5,113640,8762,0,0,1,0,0,0,0,0,0,0,1,0,1,0,0,0,0,1,0,0,0
74,22,4,2,50401,8590,1,0,0,0,0,0,0,0,0,0,0,1,0,1,0,0,0,0,1,0,0
75,23,5,3,46263,9432,0,0,0,0,0,0,1,0,0,0,1,0,0,0,0,1,1,0,0,0,0
76,36,4,3,74938,8234,0,0,0,0,0,0,0,0,0,1,1,0,1,0,0,0,0,0,1,0,0
77,39,5,5,103384,9168,0,0,0,0,0,0,1,0,0,0,1,0,1,0,0,0,0,0,0,0,1
78,39,5,2,77584,9798,0,0,0,0,0,0,0,0,0,1,1,0,1,0,0,0,0,1,0,0,0
79,23,5,3,83031,10240,0,0,0,1,0,0,0,0,0,0,0,1,0,0,1,0,0,0,1,0,0
80,29,5,5,111019,10042,0,0,1,0,0,0,0,0,0,0,0,1,0,0,1,0,0,1,0,0,0
81,25,3,4,80192,8747,0,0,0,0,0,0,0,0,0,1,1,0,0,0,1,0,0,1,0,0,0
82,21,5,1,48755,9931,0,0,0,0,0,0,0,0,0,1,0,1,0,0,0,1,0,0,1,0,0
83,28,5,2,59044,9368,0,0,0,0,0,0,0,0,0,1,0,1,0,1,0,0,0,1,0,0,0
84,29,4,5,146615,10173,0,0,0,0,0,1,0,0,0,0,0,1,0,0,0,1,0,1,0,0,0
85,32,5,1,46693,8457,1,0,0,0,0,0,0,0,0,0,1,0,0,0,0,1,0,1,0,0,0
86,48,5,3,88152,8857,0,0,0,0,1,0,0,0,0,0,1,0,0,0,0,1,0,0,0,1,0
87,38,5,5,127156,9979,1,0,0,0,0,0,0,0,0,0,1,0,0,0,1,0,1,0,0,0,0
88,31,5,1,69462,8872,0,0,0,1,0,0,0,0,0,0,0,1,0,0,0,1,0,1,0,0,0
89,19,4,5,119162,9395,0,0,0,0,0,1,0,0,0,0,0,1,0,0,0,1,0,0,0,0,1
90,26,5,2,68466,8384,0,0,0,0,0,0,0,0,1,0,0,1,0,0,0,1,0,0,0,1,0
91,36,5,3,92622,8509,0,0,1,0,0,0,0,0,0,0,1,0,0,0,1,0,1,0,0,0,0
92,34,5,1,51331,9130,0,0,0,0,0,0,1,0,0,0,1,0,0,0,1,0,0,1,0,0,0
93,49,5,4,109419,8375,0,0,0,0,0,0,0,0,0,1,0,1,0,1,0,0,0,0,0,0,1
94,18,5,3,80355,9945,0,0,0,0,0,0,0,0,1,0,0,1,1,0,0,0,0,0,0,1,0
95,21,4,4,77032,8725,0,1,0,0,0,0,0,0,0,0,1,0,0,0,1,0,0,0,0,0,1
96,47,5,5,146190,8961,0,0,1,0,0,0,0,0,0,0,1,0,0,1,0,0,0,0,0,0,1
97,22,4,4,96045,9129,0,0,0,1,0,0,0,0,0,0,1,0,0,0,1,0,1,0,0,0,0
98,29,5,1,82534,8914,0,0,0,0,0,0,0,0,1,0,0,1,0,1,0,0,0,0,1,0,0
99,55,5,5,127769,8802,0,0,0,0,1,0,0,0,0,0,0,1,1,0,0,0,0,0,1,0,0
100,34,5,5,96061,9093,0,0,0,0,0,0,1,0,0,0,1,0,0,1,0,0,0,0,0,0,1
101,48,5,5,111342,10122,0,0,0,0,0,0,0,0,0,1,1,0,1,0,0,0,0,0,1,0,0
102,43,5,3,117554,8369,0,0,1,0,0,0,0,0,0,0,1,0,0,0,0,1,0,0,1,0,0
103,30,5,5,109369,10052,0,0,1,0,0,0,0,0,0,0,1,0,0,1,0,0,0,1,0,0,0
104,25,4,4,92358,9611,0,0,0,0,0,0,0,0,0,1,1,0,0,0,1,0,0,0,0,1,0
105,21,4,4,91978,8647,0,0,1,0,0,0,0,0,0,0,1,0,0,0,1,0,0,0,0,1,0
106,28,5,1,52290,9330,0,0,0,0,0,0,0,1,0,0,0,1,0,0,0,1,1,0,0,0,0
107,18,5,1,47036,9130,0,0,0,0,1,0,0,0,0,0,0,1,0,1,0,0,0,1,0,0,0
108,46,5,1,76517,8502,0,0,0,0,0,0,0,0,0,1,0,1,0,0,0,1,0,0,0,0,1
109,29,4,5,89822,8818,0,0,0,0,0,0,1,0,0,0,1,0,0,0,1,0,1,0,0,0,0
110,32,4,4,90368,8215,0,1,0,0,0,0,0,0,0,0,0,1,0,0,0,1,0,1,0,0,0
111,26,5,4,106194,9421,0,0,1,0,0,0,0,0,0,0,0,1,1,0,0,0,0,1,0,0,0
112,51,5,3,87684,8645,0,0,0,0,0,0,0,0,0,1,1,0,0,1,0,0,0,0,1,0,0
113,40,5,3,62040,8056,0,0,0,0,0,0,1,0,0,0,1,0,0,0,1,0,1,0,0,0,0
114,52,5,2,84132,7204,0,0,0,0,0,0,0,1,0,0,1,0,0,0,1,0,0,1,0,0,0
115,29,4,4,88047,8459,0,0,1,0,0,0,0,0,0,0,1,0,0,0,1,0,1,0,0,0,0
116,37,5,2,65012,8357,0,1,0,0,0,0,0,0,0,0,1,0,0,0,1,0,1,0,0,0,0
117,23,4,4,59251,8596,0,0,0,0,0,0,1,0,0,0,1,0,0,0,1,0,0,1,0,0,0
118,18,4,3,78462,8743,0,0,0,1,0,0,0,0,0,0,1,0,0,0,0,1,0,0,0,1,0
119,40,5,2,97414,8833,0,1,0,0,0,0,0,0,0,0,0,1,1,0,0,0,0,0,1,0,0
120,18,4,2,42722,8515,0,1,0,0,0,0,0,0,0,0,1,0,0,0,1,0,1,0,0,0,0
121,26,4,3,63695,8897,0,0,0,0,0,0,1,0,0,0,1,0,1,0,0,0,0,0,1,0,0
122,51,5,4,110731,8643,1,0,0,0,0,0,0,0,0,0,0,1,0,0,0,1,0,0,0,1,0
123,54,5,4,125572,8245,0,0,0,0,0,0,0,0,1,0,0,1,0,0,0,1,1,0,0,0,0
124,49,5,2,72754,8014,0,1,0,0,0,0,0,0,0,0,0,1,0,0,1,0,0,0,0,1,0
125,26,5,2,53956,9454,0,0,0,0,1,0,0,0,0,0,1,0,1,0,0,0,1,0,0,0,0
126,58,5,5,135013,8972,0,0,0,0,0,0,0,1,0,0,0,1,0,1,0,0,0,1,0,0,0
127,49,5,3,108495,8668,0,0,0,0,1,0,0,0,0,0,1,0,1,0,0,0,0,0,1,0,0
128,27,4,4,87608,7511,0,0,1,0,0,0,0,0,0,0,1,0,0,1,0,0,1,0,0,0,0
129,38,5,5,101173,9255,1,0,0,0,0,0,0,0,0,0,0,1,1,0,0,0,1,0,0,0,0
130,53,5,5,126828,9310,0,0,0,0,1,0,0,0,0,0,0,1,0,0,0,1,0,0,1,0,0
131,49,5,4,102716,8290,0,0,1,0,0,0,0,0,0,0,0,1,0,1,0,0,0,1,0,0,0
132,26,4,5,77793,8700,0,0,0,0,0,0,1,0,0,0,0,1,0,1,0,0,0,1,0,0,0
133,44,5,1,57469,7539,0,0,0,0,0,0,1,0,0,0,1,0,0,1,0,0,0,0,0,0,1
134,33,5,3,83758,8498,0,0,0,1,0,0,0,0,0,0,0,1,0,0,1,0,0,0,1,0,0
135,22,5,1,40187,8549,0,0,0,1,0,0,0,0,0,0,0,1,0,0,0,1,1,0,0,0,0
136,41,5,3,98531,6855,0,0,1,0,0,0,0,0,0,0,0,1,0,0,1,0,0,1,0,0,0
137,26,4,4,104435,7802,0,0,1,0,0,0,0,0,0,0,0,1,1,0,0,0,0,0,0,1,0
138,29,5,1,67617,9075,1,0,0,0,0,0,0,0,0,0,0,1,0,1,0,0,1,0,0,0,0
139,24,4,5,91049,10375,0,1,0,0,0,0,0,0,0,0,1,0,0,1,0,0,1,0,0,0,0
140,32,5,1,98519,8943,0,0,0,0,0,1,0,0,0,0,1,0,0,0,0,1,0,0,0,1,0
141,36,4,5,91713,7627,0,0,0,0,0,0,1,0,0,0,1,0,0,1,0,0,0,0,0,1,0
142,41,4,3,88994,8873,0,0,0,0,0,0,0,0,0,1,1,0,0,0,1,0,0,1,0,0,0
143,44,5,4,119381,9345,0,0,1,0,0,0,0,0,0,0,0,1,0,0,1,0,1,0,0,0,0
144,43,5,5,113180,9089,0,0,1,0,0,0,0,0,0,0,1,0,0,1,0,0,0,0,0,0,1
145,48,5,2,68639,9553,0,0,0,0,0,0,0,0,0,1,0,1,0,0,0,1,0,0,1,0,0
146,28,3,4,103763,8383,0,0,0,0,0,0,0,0,1,0,1,0,0,0,0,1,0,1,0,0,0
147,40,5,1,68295,7902,0,0,0,0,0,0,0,0,1,0,0,1,1,0,0,0,0,0,1,0,0
148,21,4,3,103107,9036,0,0,0,0,0,1,0,0,0,0,0,1,0,1,0,0,0,1,0,0,0
149,19,4,2,64844,9042,0,0,0,0,0,0,0,0,0,1,1,0,1,0,0,0,0,0,0,0,1
150,61,5,4,129132,8472,0,1,0,0,0,0,0,0,0,0,1,0,0,0,0,1,0,0,0,0,1
151,57,5,3,93470,8578,0,0,0,0,0,0,0,0,0,1,1,0,0,1,0,0,0,1,0,0,0
152,28,4,5,97625,7985,1,0,0,0,0,0,0,0,0,0,0,1,0,0,1,0,1,0,0,0,0
153,52,5,1,66529,7067,0,0,0,1,0,0,0,0,0,0,1,0,1,0,0,0,1,0,0,0,0
154,48,5,1,100115,7679,1,0,0,0,0,0,0,0,0,0,1,0,0,0,1,0,0,0,1,0,0
155,57,5,2,86423,8058,0,0,0,0,0,0,0,0,0,1,1,0,0,0,0,1,1,0,0,0,0
156,30,4,5,115165,8841,0,0,0,0,0,0,0,1,0,0,0,1,0,0,1,0,0,0,0,0,1
157,53,5,5,133495,8552,1,0,0,0,0,0,0,0,0,0,1,0,0,0,1,0,0,1,0,0,0
158,47,5,3,86516,8049,0,0,0,0,0,0,1,0,0,0,0,1,0,0,1,0,0,0,0,1,0
159,18,4,4,69855,8347,0,0,0,0,1,0,0,0,0,0,0,1,0,0,1,0,1,0,0,0,0
160,35,4,1,84844,7205,0,0,0,0,0,0,0,1,0,0,1,0,0,0,0,1,0,0,0,0,1
161,51,5,3,108241,8602,0,0,0,1,0,0,0,0,0,0,1,0,1,0,0,0,0,0,0,1,0
162,51,5,3,106478,8744,0,0,0,0,0,0,0,0,0,1,1,0,0,1,0,0,0,0,0,0,1
163,38,4,5,114421,7444,0,0,1,0,0,0,0,0,0,0,0,1,1,0,0,0,0,0,1,0,0
164,24,4,1,79208,8602,0,0,0,0,0,0,0,0,1,0,0,1,0,0,1,0,0,0,1,0,0
165,49,5,5,142105,9653,0,0,0,0,0,0,0,0,1,0,0,1,0,0,1,0,1,0,0,0,0
166,22,5,1,57783,9306,0,0,0,0,0,0,0,1,0,0,0,1,0,1,0,0,1,0,0,0,0
167,33,5,2,46903,8130,0,0,0,0,0,0,1,0,0,0,1,0,0,1,0,0,0,0,0,1,0
168,36,5,1,71858,7475,0,0,1,0,0,0,0,0,0,0,0,1,0,0,1,0,0,0,0,1,0
169,27,5,1,44325,8867,0,0,0,0,0,0,1,0,0,0,1,0,0,1,0,0,0,0,1,0,0
170,39,5,4,100183,8832,0,1,0,0,0,0,0,0,0,0,0,1,0,1,0,0,0,1,0,0,0
171,19,4,1,61000,8872,0,0,0,1,0,0,0,0,0,0,0,1,0,0,1,0,0,0,0,0,1
172,59,5,1,109623,6897,0,0,0,0,0,0,0,0,1,0,0,1,0,0,1,0,0,1,0,0,0
173,20,3,5,60070,8273,0,0,0,0,0,0,1,0,0,0,1,0,0,0,0,1,0,0,0,0,1
174,29,4,3,72542,8109,0,0,0,0,1,0,0,0,0,0,1,0,0,0,1,0,0,0,1,0,0
175,54,5,4,110049,8928,0,1,0,0,0,0,0,0,0,0,0,1,0,0,0,1,1,0,0,0,0
176,30,4,2,80981,8201,0,0,0,0,1,0,0,0,0,0,1,0,0,0,1,0,0,1,0,0,0
177,42,5,2,83499,8950,0,0,0,0,1,0,0,0,0,0,1,0,1,0,0,0,0,0,0,1,0
178,42,4,4,106788,8974,0,1,0,0,0,0,0,0,0,0,1,0,0,0,1,0,0,0,1,0,0
179,50,4,5,108922,8477,0,0,0,0,0,0,0,0,0,1,1,0,0,0,1,0,0,1,0,0,0
180,43,5,5,127062,9619,0,0,0,0,1,0,0,0,0,0,1,0,0,0,0,1,1,0,0,0,0
181,64,5,4,120593,7573,0,0,0,0,0,0,0,0,1,0,0,1,1,0,0,0,0,0,0,0,1
182,23,4,1,90685,8816,0,0,0,0,0,1,0,0,0,0,0,1,0,0,0,1,1,0,0,0,0
183,33,5,1,49830,8543,0,0,0,0,0,0,1,0,0,0,1,0,0,1,0,0,0,1,0,0,0
184,39,4,4,106896,7918,0,0,0,0,0,0,0,0,1,0,0,1,0,1,0,0,0,0,0,0,1
185,58,5,2,129425,7524,0,0,0,0,0,0,0,1,0,0,0,1,0,0,0,1,0,0,0,0,1
186,24,3,5,82338,7414,0,0,0,0,0,0,1,0,0,0,1,0,0,0,1,0,0,0,0,1,0
187,37,4,3,86036,7567,0,0,0,0,0,0,1,0,0,0,1,0,0,0,0,1,1,0,0,0,0
188,53,5,2,93073,8188,0,0,0,1,0,0,0,0,0,0,0,1,0,1,0,0,0,0,0,1,0
189,33,5,2,87352,8435,0,0,0,0,0,0,0,0,1,0,0,1,0,0,0,1,1,0,0,0,0
190,56,5,5,139760,9229,0,0,0,0,0,0,0,0,1,0,0,1,0,0,0,1,1,0,0,0,0
191,52,5,2,100070,7169,0,0,1,0,0,0,0,0,0,0,1,0,0,1,0,0,0,1,0,0,0
192,40,5,4,102815,9090,0,0,0,0,0,0,0,0,0,1,0,1,0,0,1,0,0,0,0,0,1
193,43,4,5,101262,7794,0,0,0,0,0,0,0,0,1,0,0,1,0,0,0,1,0,0,1,0,0
194,19,5,2,58054,9585,1,0,0,0,0,0,0,0,0,0,0,1,0,1,0,0,0,0,0,1,0
195,53,4,5,129609,7392,0,0,0,0,0,0,0,1,0,0,1,0,0,0,1,0,0,0,0,1,0
196,44,5,2,100091,9185,0,0,0,0,0,0,0,1,0,0,0,1,0,0,1,0,1,0,0,0,0
197,23,4,3,103479,7850,0,0,0,0,0,1,0,0,0,0,0,1,0,0,1,0,0,0,0,0,1
198,51,5,1,72827,7285,0,1,0,0,0,0,0,0,0,0,1,0,1,0,0,0,0,0,0,1,0
199,20,4,2,74073,8509,0,0,0,0,1,0,0,0,0,0,0,1,0,0,0,1,0,1,0,0,0
200,47,5,2,64852,8023,0,0,1,0,0,0,0,0,0,0,0,1,1,0,0,0,1,0,0,0,0
201,49,5,4,106887,8347,0,0,0,1,0,0,0,0,0,0,0,1,1,0,0,0,0,0,1,0,0
202,26,4,2,77309,7957,0,0,0,0,0,0,0,0,1,0,0,1,1,0,0,0,1,0,0,0,0
203,44,4,4,100416,7513,0,0,0,1,0,0,0,0,0,0,1,0,0,1,0,0,1,0,0,0,0
204,18,3,2,88482,7385,0,0,0,0,0,0,0,0,1,0,0,1,0,0,1,0,0,1,0,0,0
205,32,4,4,78623,9012,1,0,0,0,0,0,0,0,0,0,1,0,1,0,0,0,0,0,1,0,0
206,18,4,4,80135,9007,0,0,0,0,0,0,0,1,0,0,0,1,0,1,0,0,0,0,1,0,0
207,63,5,2,106158,7654,0,0,0,0,0,0,0,0,0,1,1,0,0,1,0,0,0,0,0,0,1
208,37,4,4,89411,9522,0,0,0,1,0,0,0,0,0,0,1,0,1,0,0,0,0,1,0,0,0
209,22,4,2,57398,7827,0,0,0,1,0,0,0,0,0,0,0,1,0,0,1,0,0,0,0,0,1
210,64,5,2,95687,7279,0,0,0,0,0,0,1,0,0,0,1,0,0,0,0,1,0,0,0,0,1
211,39,4,5,120294,8090,0,0,0,1,0,0,0,0,0,0,1,0,0,0,0,1,0,0,0,1,0
212,20,4,2,107140,8199,0,0,0,0,0,1,0,0,0,0,0,1,1,0,0,0,0,0,0,0,1
213,39,5,1,76773,7278,0,0,1,0,0,0,0,0,0,0,1,0,1,0,0,0,0,0,0,1,0
214,37,4,2,98010,8210,1,0,0,0,0,0,0,0,0,0,1,0,0,0,1,0,0,1,0,0,0
215,39,4,3,91099,8306,1,0,0,0,0,0,0,0,0,0,1,0,0,0,0,1,0,0,1,0,0
216,29,4,4,89559,8338,0,0,1,0,0,0,0,0,0,0,0,1,0,1,0,0,0,0,1,0,0
217,58,5,3,120156,7200,0,0,0,0,0,0,0,0,1,0,0,1,0,1,0,0,0,0,1,0,0
218,38,5,4,102966,8978,0,1,0,0,0,0,0,0,0,0,0,1,0,0,0,1,0,1,0,0,0
219,64,5,5,128970,7346,0,0,0,0,0,0,1,0,0,0,1,0,0,0,0,1,0,0,0,0,1
220,51,4,5,121376,7832,0,0,0,0,0,0,0,0,0,1,1,0,0,1,0,0,0,0,1,0,0
221,53,5,3,112941,7404,0,0,1,0,0,0,0,0,0,0,0,1,0,0,1,0,1,0,0,0,0
222,46,5,4,102736,9736,0,0,0,1,0,0,0,0,0,0,0,1,0,1,0,0,0,1,0,0,0
223,28,4,1,64008,7185,0,1,0,0,0,0,0,0,0,0,1,0,0,1,0,0,0,0,1,0,0
224,52,5,1,90024,7350,0,0,0,0,1,0,0,0,0,0,0,1,0,0,1,0,0,1,0,0,0
225,48,4,5,129406,7280,0,0,1,0,0,0,0,0,0,0,1,0,0,0,1,0,0,0,1,0,0
226,34,5,1,54245,8245,0,0,0,0,1,0,0,0,0,0,1,0,1,0,0,0,0,0,0,1,0
227,27,4,5,67530,9311,0,0,0,0,0,0,1,0,0,0,1,0,0,1,0,0,1,0,0,0,0
228,18,4,4,75506,9289,0,0,0,1,0,0,0,0,0,0,0,1,0,1,0,0,0,0,0,0,1
229,31,4,2,81826,8375,0,0,0,1,0,0,0,0,0,0,1,0,1,0,0,0,0,1,0,0,0
230,27,4,1,65711,7789,0,0,0,0,0,0,0,0,1,0,1,0,0,1,0,0,0,0,0,1,0
231,29,3,2,61164,6346,0,0,0,0,0,0,0,1,0,0,0,1,0,0,1,0,0,0,1,0,0
232,41,5,1,73801,8317,0,1,0,0,0,0,0,0,0,0,1,0,0,0,1,0,1,0,0,0,0
233,62,5,5,157410,7840,0,0,0,0,0,1,0,0,0,0,0,1,1,0,0,0,1,0,0,0,0
234,23,4,1,50601,7351,0,0,0,1,0,0,0,0,0,0,0,1,0,1,0,0,0,0,0,1,0
235,29,4,3,65907,7668,1,0,0,0,0,0,0,0,0,0,0,1,0,1,0,0,0,1,0,0,0
236,38,5,2,80937,8335,1,0,0,0,0,0,0,0,0,0,0,1,0,1,0,0,0,0,0,0,1
237,34,4,5,90330,7022,0,1,0,0,0,0,0,0,0,0,0,1,1,0,0,0,1,0,0,0,0
238,62,5,2,93268,7657,0,0,0,0,0,0,0,1,0,0,1,0,1,0,0,0,0,0,0,1,0
239,40,4,5,109345,7791,0,0,0,0,1,0,0,0,0,0,0,1,1,0,0,0,1,0,0,0,0
240,27,4,1,66084,7769,0,0,0,0,0,0,0,0,1,0,0,1,0,0,1,0,0,1,0,0,0
241,35,4,5,98900,7960,0,0,1,0,0,0,0,0,0,0,0,1,0,0,0,1,0,0,0,1,0
242,19,4,3,78113,9335,0,0,0,0,1,0,0,0,0,0,0,1,1,0,0,0,0,1,0,0,0
243,36,4,5,130826,9694,0,0,0,0,0,0,0,0,1,0,0,1,0,0,1,0,0,1,0,0,0
244,23,3,3,85928,7229,0,0,0,0,0,0,0,1,0,0,0,1,0,1,0,0,0,1,0,0,0
245,43,5,4,98515,9090,0,0,0,0,1,0,0,0,0,0,0,1,1,0,0,0,0,0,0,1,0
246,48,4,4,103133,7793,0,0,0,1,0,0,0,0,0,0,1,0,1,0,0,0,1,0,0,0,0
247,20,4,4,69254,8609,0,0,0,0,0,0,1,0,0,0,1,0,1,0,0,0,0,0,0,0,1
248,27,4,5,114680,8472,0,0,0,1,0,0,0,0,0,0,0,1,1,0,0,0,0,0,0,0,1
249,25,3,5,92687,7634,0,1,0,0,0,0,0,0,0,0,0,1,0,0,0,1,0,1,0,0,0
250,21,3,4,72301,8391,0,0,0,1,0,0,0,0,0,0,0,1,0,0,1,0,0,1,0,0,0
251,24,4,1,67749,8517,0,0,1,0,0,0,0,0,0,0,0,1,0,0,1,0,1,0,0,0,0
252,61,5,2,97000,7757,1,0,0,0,0,0,0,0,0,0,1,0,0,0,1,0,0,0,1,0,0
253,52,5,2,104526,7253,0,0,0,0,0,1,0,0,0,0,0,1,0,1,0,0,0,0,0,1,0
254,26,4,3,80494,8449,1,0,0,0,0,0,0,0,0,0,0,1,0,1,0,0,0,0,1,0,0
255,30,4,2,40341,7320,0,0,1,0,0,0,0,0,0,0,1,0,0,1,0,0,0,0,0,1,0
256,29,4,1,74316,8761,0,0,0,0,0,0,0,0,1,0,0,1,0,1,0,0,0,1,0,0,0
257,46,5,3,102247,8307,0,0,0,0,1,0,0,0,0,0,1,0,0,0,0,1,0,0,0,0,1
258,49,4,5,104657,6839,0,1,0,0,0,0,0,0,0,0,0,1,1,0,0,0,0,0,0,0,1
259,37,3,5,92722,8010,0,0,0,0,0,0,0,0,0,1,1,0,0,1,0,0,0,1,0,0,0
260,51,5,1,72120,9084,0,0,0,0,0,0,0,1,0,0,1,0,0,0,1,0,0,0,1,0,0
261,28,4,1,62260,7740,0,0,0,0,0,0,0,0,0,1,1,0,0,0,1,0,0,0,0,1,0
262,45,5,3,123422,8894,0,0,0,0,0,1,0,0,0,0,0,1,0,1,0,0,0,1,0,0,0
263,48,5,1,62097,7075,0,0,0,0,0,0,0,0,0,1,0,1,1,0,0,0,0,0,0,0,1
264,53,5,2,102910,8335,1,0,0,0,0,0,0,0,0,0,0,1,0,1,0,0,0,0,1,0,0
265,29,4,3,84021,9111,1,0,0,0,0,0,0,0,0,0,1,0,0,1,0,0,0,1,0,0,0
266,19,4,1,37026,8636,0,0,0,0,0,0,0,0,0,1,1,0,0,1,0,0,0,0,0,1,0
267,18,3,3,56318,8407,0,1,0,0,0,0,0,0,0,0,0,1,0,0,0,1,0,0,0,1,0
268,28,4,3,64958,7910,0,0,0,0,1,0,0,0,0,0,0,1,0,1,0,0,0,0,0,1,0
269,31,4,2,55954,7999,1,0,0,0,0,0,0,0,0,0,1,0,0,1,0,0,0,0,0,1,0
270,58,4,3,108820,7776,0,0,0,1,0,0,0,0,0,0,1,0,0,0,0,1,0,0,0,0,1
271,41,5,3,100014,8621,0,0,0,0,1,0,0,0,0,0,1,0,0,1,0,0,0,0,0,1,0
272,36,4,3,88213,8581,0,1,0,0,0,0,0,0,0,0,0,1,0,0,0,1,0,0,0,1,0
273,34,3,4,108288,7491,0,0,0,0,0,0,0,1,0,0,1,0,0,1,0,0,0,0,0,0,1
274,56,5,5,100859,8388,0,1,0,0,0,0,0,0,0,0,0,1,0,0,1,0,0,0,0,0,1
275,30,4,5,114007,9248,0,0,1,0,0,0,0,0,0,0,1,0,0,0,1,0,1,0,0,0,0
276,37,4,3,83025,8105,0,0,0,0,0,0,0,0,0,1,0,1,0,1,0,0,0,0,1,0,0
277,28,4,5,95964,9147,0,0,0,0,1,0,0,0,0,0,0,1,0,1,0,0,1,0,0,0,0
278,47,4,2,94973,7885,0,0,0,0,0,0,0,0,0,1,1,0,1,0,0,0,1,0,0,0,0
279,44,4,4,102108,8339,0,0,0,1,0,0,0,0,0,0,0,1,0,1,0,0,0,0,0,0,1
280,24,4,2,60736,7873,1,0,0,0,0,0,0,0,0,0,0,1,0,0,1,0,0,0,0,0,1
281,47,5,1,82126,6971,0,0,0,0,1,0,0,0,0,0,0,1,0,0,0,1,0,0,0,1,0
282,33,5,1,69878,8389,0,0,1,0,0,0,0,0,0,0,0,1,0,0,1,0,0,0,0,1,0
283,22,4,1,37780,8443,0,0,0,0,1,0,0,0,0,0,1,0,0,0,1,0,0,0,0,0,1
284,57,4,4,132873,7266,0,0,0,1,0,0,0,0,0,0,0,1,0,0,1,0,0,0,1,0,0
285,20,4,2,65164,7827,0,0,1,0,0,0,0,0,0,0,0,1,0,1,0,0,0,0,0,1,0
286,65,5,4,121210,7949,0,0,0,0,1,0,0,0,0,0,1,0,0,0,1,0,1,0,0,0,0
287,49,4,2,95169,7415,0,0,0,1,0,0,0,0,0,0,1,0,0,0,0,1,0,1,0,0,0
288,19,3,4,94492,8209,0,0,0,0,0,0,0,1,0,0,0,1,0,0,0,1,0,0,1,0,0
289,39,4,2,75901,7402,0,1,0,0,0,0,0,0,0,0,1,0,0,0,0,1,0,0,0,1,0
290,33,3,5,100463,6332,0,0,0,0,0,0,0,1,0,0,0,1,0,0,1,0,0,0,0,1,0
291,40,4,5,92276,9551,0,0,0,0,0,0,0,1,0,0,1,0,0,0,1,0,0,0,0,1,0
292,21,2,5,92458,6966,0,1,0,0,0,0,0,0,0,0,1,0,1,0,0,0,0,1,0,0,0
293,46,4,4,88571,7464,0,0,0,1,0,0,0,0,0,0,0,1,0,1,0,0,1,0,0,0,0
294,39,4,3,87409,7168,0,0,1,0,0,0,0,0,0,0,0,1,0,0,0,1,0,0,1,0,0
295,58,5,4,133927,8278,0,0,0,0,0,0,0,0,0,1,0,1,1,0,0,0,0,0,0,0,1
296,33,4,1,90482,7094,0,0,0,0,0,1,0,0,0,0,0,1,0,0,1,0,0,0,0,0,1
297,27,4,4,87435,9230,0,0,0,0,0,0,1,0,0,0,1,0,0,1,0,0,0,0,0,0,1
298,65,5,4,130251,7750,0,0,0,1,0,0,0,0,0,0,1,0,0,1,0,0,0,0,0,1,0
299,34,3,2,106560,7257,0,0,0,0,0,1,0,0,0,0,1,0,0,0,1,0,0,0,1,0,0
300,56,5,3,107366,7774,0,0,0,0,0,0,0,0,1,0,0,1,1,0,0,0,0,0,0,1,0
301,34,4,1,56172,7739,0,0,0,0,0,0,0,0,0,1,1,0,0,1,0,0,0,0,0,0,1
302,35,4,2,58807,7316,0,0,0,0,0,0,1,0,0,0,1,0,0,0,1,0,0,0,0,0,1
303,49,4,4,126626,7144,0,0,1,0,0,0,0,0,0,0,1,0,0,0,1,0,0,0,0,0,1
304,24,3,3,104202,8456,0,0,0,0,0,1,0,0,0,0,1,0,0,0,0,1,0,0,0,0,1
305,39,4,3,77793,8093,0,0,0,0,0,0,0,0,0,1,0,1,0,0,0,1,0,0,0,1,0
306,45,4,2,84930,6914,0,0,0,0,0,0,0,0,0,1,0,1,0,1,0,0,0,0,0,1,0
307,32,3,2,69367,6378,0,1,0,0,0,0,0,0,0,0,0,1,0,0,1,0,0,1,0,0,0
308,65,5,5,116751,8505,0,0,0,1,0,0,0,0,0,0,0,1,0,0,1,0,0,0,0,1,0
309,52,4,5,139841,7641,0,0,0,0,0,0,0,0,1,0,0,1,0,0,1,0,1,0,0,0,0
310,52,4,2,78750,6666,0,1,0,0,0,0,0,0,0,0,1,0,1,0,0,0,1,0,0,0,0
311,38,3,5,93306,8265,0,0,0,0,0,0,0,0,0,1,1,0,1,0,0,0,1,0,0,0,0
312,19,4,2,60892,8462,0,0,1,0,0,0,0,0,0,0,0,1,0,0,1,0,0,0,0,1,0
313,20,2,5,99543,6111,0,0,0,1,0,0,0,0,0,0,0,1,0,0,1,0,0,1,0,0,0
314,29,3,2,56745,6495,0,0,0,0,0,0,0,1,0,0,1,0,0,0,0,1,0,0,0,1,0
315,29,4,1,59458,7939,1,0,0,0,0,0,0,0,0,0,1,0,1,0,0,0,0,0,0,1,0
316,18,2,4,71824,6397,0,1,0,0,0,0,0,0,0,0,1,0,0,0,1,0,0,0,0,0,1
317,64,5,2,111903,6824,0,0,0,0,0,0,0,0,1,0,0,1,0,1,0,0,0,0,0,1,0
318,55,5,3,104361,7813,0,0,0,0,1,0,0,0,0,0,0,1,1,0,0,0,0,0,0,0,1
319,22,2,5,91568,7139,0,0,0,0,0,0,0,0,0,1,1,0,0,1,0,0,0,0,0,0,1
320,59,4,4,155834,7101,0,0,0,0,0,0,0,0,1,0,0,1,0,0,1,0,0,1,0,0,0
321,30,5,1,83620,7864,0,0,1,0,0,0,0,0,0,0,0,1,0,0,1,0,0,0,0,0,1
322,50,5,1,81995,7840,0,0,0,0,0,0,1,0,0,0,1,0,0,0,0,1,1,0,0,0,0
323,27,4,1,66125,8465,0,0,0,1,0,0,0,0,0,0,1,0,0,0,0,1,0,0,0,0,1
324,27,3,5,89678,7778,0,1,0,0,0,0,0,0,0,0,0,1,1,0,0,0,0,1,0,0,0
325,57,5,3,98321,8980,0,0,0,0,0,0,0,1,0,0,1,0,0,0,1,0,0,0,0,1,0
326,48,4,1,109346,7730,0,0,0,0,0,1,0,0,0,0,0,1,1,0,0,0,0,0,1,0,0
327,62,4,4,155203,7808,0,0,0,0,0,1,0,0,0,0,1,0,0,0,1,0,0,0,0,0,1
328,64,5,2,98100,7460,0,0,0,0,1,0,0,0,0,0,0,1,0,0,0,1,0,0,1,0,0
329,29,3,4,73306,7765,1,0,0,0,0,0,0,0,0,0,1,0,0,1,0,0,0,0,1,0,0
330,40,5,2,68797,7817,0,1,0,0,0,0,0,0,0,0,0,1,1,0,0,0,0,1,0,0,0
331,58,4,4,120154,6751,0,0,1,0,0,0,0,0,0,0,0,1,1,0,0,0,0,0,1,0,0
332,22,3,4,76865,8145,0,0,0,0,0,0,0,0,0,1,1,0,1,0,0,0,0,0,0,0,1
333,59,4,4,125770,8013,0,0,0,1,0,0,0,0,0,0,1,0,0,0,0,1,0,0,1,0,0
334,36,4,5,119931,8400,0,0,1,0,0,0,0,0,0,0,1,0,0,1,0,0,1,0,0,0,0
335,55,4,1,71794,6685,0,0,0,0,0,0,1,0,0,0,1,0,0,0,1,0,0,0,0,1,0
336,54,4,2,87998,7028,0,1,0,0,0,0,0,0,0,0,1,0,1,0,0,0,0,0,1,0,0
337,63,4,5,140445,7905,0,0,0,0,0,0,0,0,1,0,0,1,0,1,0,0,1,0,0,0,0
338,18,2,5,85306,7735,0,0,0,0,0,0,0,0,0,1,0,1,1,0,0,0,1,0,0,0,0
339,31,3,3,77275,7089,0,0,0,0,0,0,0,1,0,0,1,0,0,1,0,0,0,0,0,1,0
340,48,4,4,143887,7622,0,0,0,0,0,1,0,0,0,0,0,1,0,0,0,1,0,0,0,0,1
341,58,4,5,130720,7246,0,1,0,0,0,0,0,0,0,0,1,0,0,1,0,0,0,0,0,0,1
342,41,4,1,86675,7947,0,0,0,0,0,0,0,0,1,0,1,0,0,0,0,1,0,0,0,0,1
343,22,3,2,56954,7550,0,0,0,1,0,0,0,0,0,0,1,0,1,0,0,0,0,0,0,1,0
344,63,5,5,133472,8688,0,0,0,0,1,0,0,0,0,0,0,1,0,0,1,0,0,0,0,1,0
345,23,3,1,62753,7242,1,0,0,0,0,0,0,0,0,0,0,1,0,0,1,0,1,0,0,0,0
346,63,5,4,128173,8360,0,0,0,0,0,0,0,1,0,0,0,1,0,0,0,1,0,0,0,1,0
347,28,3,5,112491,8727,0,0,0,0,0,0,0,0,1,0,1,0,1,0,0,0,0,1,0,0,0
348,22,4,1,36548,8090,0,0,0,0,0,0,1,0,0,0,1,0,0,0,0,1,0,0,0,1,0
349,62,4,1,88781,6413,0,1,0,0,0,0,0,0,0,0,1,0,0,0,0,1,0,1,0,0,0
350,65,4,5,157852,6669,0,0,0,0,0,0,0,0,1,0,0,1,0,1,0,0,0,0,1,0,0
351,51,4,4,113730,6578,0,0,1,0,0,0,0,0,0,0,0,1,0,0,0,1,0,0,0,1,0
352,57,5,1,68403,6893,0,1,0,0,0,0,0,0,0,0,0,1,1,0,0,0,0,0,1,0,0
353,59,4,5,176789,6773,0,0,0,0,0,1,0,0,0,0,0,1,0,0,0,1,0,0,0,0,1
354,45,3,5,129226,6912,1,0,0,0,0,0,0,0,0,0,1,0,0,0,1,0,0,0,0,0,1
355,24,3,2,59399,6692,0,0,0,1,0,0,0,0,0,0,0,1,1,0,0,0,0,1,0,0,0
356,61,5,1,102473,8468,0,0,0,0,0,0,0,1,0,0,0,1,0,0,0,1,0,0,1,0,0
357,60,4,3,160614,8354,0,0,0,0,0,1,0,0,0,0,1,0,0,0,0,1,0,0,1,0,0
358,28,3,3,89570,7411,0,0,0,0,0,0,0,1,0,0,1,0,0,0,0,1,0,0,0,0,1
359,41,4,3,73989,8780,0,0,0,0,0,0,1,0,0,0,1,0,1,0,0,0,0,0,0,0,1
360,35,4,2,67762,7449,0,0,1,0,0,0,0,0,0,0,1,0,0,0,1,0,0,0,1,0,0
361,35,4,4,90307,7663,0,0,1,0,0,0,0,0,0,0,0,1,1,0,0,0,1,0,0,0,0
362,38,3,2,77751,6554,0,1,0,0,0,0,0,0,0,0,1,0,0,0,1,0,0,0,1,0,0
363,57,4,1,87150,6814,1,0,0,0,0,0,0,0,0,0,1,0,0,1,0,0,0,0,1,0,0
364,19,2,2,79291,5000,0,1,0,0,0,0,0,0,0,0,1,0,1,0,0,0,0,0,0,0,1
365,55,5,1,79144,8328,0,0,0,1,0,0,0,0,0,0,0,1,0,0,1,0,0,1,0,0,0
366,62,5,3,150467,8100,0,0,0,0,0,1,0,0,0,0,0,1,0,0,0,1,0,1,0,0,0
367,31,3,2,57070,6615,0,1,0,0,0,0,0,0,0,0,1,0,0,0,1,0,0,1,0,0,0
368,49,4,4,102201,7640,0,0,0,0,0,0,1,0,0,0,1,0,1,0,0,0,0,0,0,0,1
369,37,4,3,70088,8244,0,1,0,0,0,0,0,0,0,0,0,1,1,0,0,0,0,1,0,0,0
370,24,3,4,57782,7144,0,0,0,0,0,0,1,0,0,0,1,0,0,0,0,1,0,0,0,1,0
371,32,3,4,117629,6291,0,0,0,0,0,1,0,0,0,0,0,1,0,1,0,0,0,0,0,1,0
372,28,3,5,118653,7036,0,0,0,0,0,0,0,1,0,0,0,1,0,0,1,0,1,0,0,0,0
373,38,2,5,71772,5764,0,0,0,0,0,0,1,0,0,0,1,0,0,1,0,0,0,0,1,0,0
374,65,5,1,134758,7500,0,0,0,0,0,0,0,0,1,0,0,1,0,0,1,0,0,0,0,0,1
375,53,5,1,66438,6935,0,0,0,0,0,0,1,0,0,0,1,0,1,0,0,0,1,0,0,0,0
376,46,3,4,87134,6184,0,0,0,0,0,0,0,0,0,1,0,1,0,1,0,0,0,0,0,1,0
377,57,4,3,79674,6993,0,0,0,0,0,0,1,0,0,0,1,0,1,0,0,0,0,0,0,1,0
378,45,3,4,85161,6682,0,0,0,0,0,0,1,0,0,0,1,0,1,0,0,0,0,1,0,0,0
379,34,2,5,114479,6700,0,0,0,0,0,0,0,0,0,1,1,0,0,0,0,1,0,0,1,0,0
380,25,3,4,65547,6530,0,0,0,0,0,0,1,0,0,0,0,1,1,0,0,0,0,0,0,1,0
381,33,3,3,71946,6386,1,0,0,0,0,0,0,0,0,0,1,0,0,1,0,0,1,0,0,0,0
382,64,5,3,96777,7736,0,0,1,0,0,0,0,0,0,0,0,1,0,1,0,0,0,0,0,1,0
383,23,3,3,62054,6955,0,0,0,0,0,0,1,0,0,0,1,0,0,0,0,1,1,0,0,0,0
384,26,3,2,61527,6345,0,0,0,0,0,0,0,0,1,0,0,1,0,1,0,0,0,0,0,0,1
385,24,3,1,64624,8253,0,0,0,0,0,0,0,0,0,1,1,0,0,1,0,0,0,0,1,0,0
386,49,4,5,118629,6740,0,1,0,0,0,0,0,0,0,0,0,1,0,0,1,0,1,0,0,0,0
387,19,2,5,80171,6454,1,0,0,0,0,0,0,0,0,0,0,1,0,0,0,1,0,0,1,0,0
388,47,3,4,105410,6363,0,0,0,0,0,0,0,1,0,0,1,0,1,0,0,0,1,0,0,0,0
389,36,4,3,112134,8587,0,0,0,0,0,0,0,0,1,0,0,1,0,0,0,1,0,0,1,0,0
390,42,3,1,90005,6631,0,0,0,0,0,0,0,0,0,1,1,0,0,0,1,0,0,1,0,0,0
391,50,5,1,70374,7466,0,0,0,0,0,0,1,0,0,0,1,0,0,1,0,0,0,0,0,1,0
392,21,2,5,121682,7189,0,0,0,0,0,1,0,0,0,0,0,1,1,0,0,0,1,0,0,0,0
393,49,4,5,104355,7555,0,0,0,0,0,0,1,0,0,0,1,0,0,0,0,1,0,0,0,1,0
394,49,4,1,75811,5520,0,0,0,0,1,0,0,0,0,0,1,0,1,0,0,0,0,1,0,0,0
395,48,3,5,113544,6839,0,0,0,0,0,0,0,1,0,0,0,1,0,0,1,0,0,1,0,0,0
396,22,2,4,107025,6577,0,0,0,1,0,0,0,0,0,0,1,0,0,0,1,0,0,0,0,1,0
397,20,3,3,78564,7875,0,0,1,0,0,0,0,0,0,0,0,1,0,0,0,1,0,0,0,1,0
398,47,5,3,91905,7614,0,0,1,0,0,0,0,0,0,0,0,1,1,0,0,0,0,0,0,1,0
399,60,5,4,121728,7932,0,0,1,0,0,0,0,0,0,0,0,1,0,1,0,0,0,1,0,0,0
400,27,4,1,54817,6519,0,0,0,0,0,0,1,0,0,0,0,1,1,0,0,0,0,0,1,0,0
401,20,3,1,37898,6448,0,0,0,0,0,0,0,1,0,0,0,1,1,0,0,0,0,0,0,1,0
402,59,5,1,79544,6760,0,0,0,0,1,0,0,0,0,0,0,1,0,0,0,1,0,0,0,1,0
403,20,3,1,40056,7632,1,0,0,0,0,0,0,0,0,0,1,0,0,1,0,0,0,1,0,0,0
404,45,4,2,70846,7404,0,0,0,0,1,0,0,0,0,0,1,0,1,0,0,0,0,0,0,1,0
405,34,3,5,79707,7196,0,0,0,0,0,0,1,0,0,0,1,0,0,1,0,0,0,0,0,0,1
406,59,4,4,124817,7268,0,0,0,0,0,0,0,0,1,0,0,1,0,1,0,0,0,0,0,1,0
407,53,4,1,123114,6946,0,0,0,0,0,1,0,0,0,0,0,1,1,0,0,0,0,0,1,0,0
408,20,3,3,62377,6999,0,0,1,0,0,0,0,0,0,0,1,0,0,1,0,0,0,0,0,1,0
409,28,3,3,82850,5794,1,0,0,0,0,0,0,0,0,0,0,1,0,0,1,0,0,0,0,0,1
410,38,4,2,75932,7003,0,0,0,0,1,0,0,0,0,0,1,0,0,1,0,0,0,0,0,0,1
411,43,3,2,121949,6739,0,0,0,0,0,1,0,0,0,0,0,1,0,0,0,1,0,0,1,0,0
412,36,3,3,82755,7325,0,0,0,0,0,0,1,0,0,0,1,0,0,0,0,1,0,0,0,0,1
413,45,3,5,122037,8147,1,0,0,0,0,0,0,0,0,0,0,1,0,0,0,1,1,0,0,0,0
414,19,2,2,78021,6970,0,0,0,0,0,0,0,0,0,1,1,0,0,0,1,0,1,0,0,0,0
415,18,4,1,56309,7559,0,0,0,0,1,0,0,0,0,0,0,1,0,0,0,1,0,0,0,0,1
416,59,5,1,90002,8123,0,0,1,0,0,0,0,0,0,0,0,1,0,0,0,1,0,0,1,0,0
417,34,3,4,91066,6257,0,0,0,0,1,0,0,0,0,0,0,1,1,0,0,0,0,0,0,0,1
418,32,3,5,118088,7721,0,0,0,0,0,1,0,0,0,0,0,1,0,0,1,0,0,0,1,0,0
419,29,3,2,92099,7246,0,0,0,0,0,0,0,0,1,0,0,1,0,0,1,0,0,0,0,1,0
420,46,4,4,116758,7744,0,0,1,0,0,0,0,0,0,0,1,0,1,0,0,0,1,0,0,0,0
421,49,5,2,96500,8092,0,0,0,0,0,0,1,0,0,0,1,0,0,1,0,0,0,0,0,0,1
422,48,3,5,138851,6929,0,0,0,0,0,1,0,0,0,0,0,1,1,0,0,0,0,0,1,0,0
423,34,4,1,49632,7169,0,0,0,0,0,0,1,0,0,0,1,0,1,0,0,0,1,0,0,0,0
424,45,3,3,76700,7242,0,1,0,0,0,0,0,0,0,0,1,0,0,0,0,1,0,0,1,0,0
425,58,4,5,131275,6997,0,0,0,0,1,0,0,0,0,0,0,1,1,0,0,0,0,0,1,0,0
426,21,2,3,89648,6573,0,0,0,0,0,1,0,0,0,0,0,1,0,0,0,1,0,0,0,1,0
427,26,2,5,100516,6737,0,0,0,1,0,0,0,0,0,0,1,0,0,0,1,0,1,0,0,0,0
428,20,2,4,112854,6564,0,0,0,0,0,1,0,0,0,0,0,1,0,0,0,1,0,0,0,1,0
429,60,4,5,155676,6586,0,0,0,0,0,0,0,0,1,0,0,1,0,0,1,0,0,0,0,0,1
430,57,4,4,135781,6042,0,1,0,0,0,0,0,0,0,0,0,1,1,0,0,0,0,0,0,0,1
431,47,3,2,84935,6122,0,0,0,0,0,0,0,1,0,0,1,0,1,0,0,0,0,1,0,0,0
432,31,4,2,66407,7522,0,0,0,0,0,0,0,0,0,1,0,1,0,1,0,0,0,1,0,0,0
433,56,4,3,101249,7329,0,1,0,0,0,0,0,0,0,0,1,0,0,0,0,1,0,0,0,0,1
434,57,4,4,143189,6321,0,0,0,0,0,1,0,0,0,0,0,1,0,0,1,0,1,0,0,0,0
435,63,5,1,105800,7822,0,0,0,1,0,0,0,0,0,0,0,1,0,0,0,1,0,1,0,0,0
436,63,5,2,124871,7327,0,0,0,0,0,0,0,0,1,0,0,1,1,0,0,0,0,0,0,1,0
437,23,3,3,83894,6922,1,0,0,0,0,0,0,0,0,0,0,1,0,1,0,0,0,0,0,0,1
438,45,2,5,144146,6340,0,0,0,0,0,1,0,0,0,0,1,0,0,1,0,0,0,0,1,0,0
439,46,4,2,69268,7106,0,0,0,0,0,0,1,0,0,0,1,0,0,0,0,1,0,0,0,0,1
440,63,5,1,85948,7646,0,0,0,0,0,0,0,1,0,0,0,1,0,1,0,0,0,0,0,0,1
441,20,2,4,92289,6643,0,0,0,0,0,0,0,0,1,0,0,1,0,0,0,1,0,1,0,0,0
442,45,4,2,75397,6490,0,0,1,0,0,0,0,0,0,0,0,1,0,1,0,0,0,0,0,1,0
443,65,4,1,102597,5937,0,0,0,0,0,0,0,0,1,0,0,1,0,1,0,0,0,1,0,0,0
444,63,4,3,127561,7552,0,0,0,0,0,0,0,1,0,0,1,0,0,0,0,1,0,1,0,0,0
445,26,3,3,72945,7279,0,0,0,0,0,0,0,0,0,1,0,1,0,1,0,0,0,0,0,0,1
446,60,3,5,145632,6439,0,0,0,0,0,0,0,0,1,0,0,1,0,0,0,1,0,0,1,0,0
447,36,3,3,77223,5272,0,0,0,0,0,0,1,0,0,0,1,0,0,0,1,0,0,0,0,0,1
448,63,5,1,130093,6416,0,0,0,0,0,1,0,0,0,0,0,1,0,0,1,0,0,0,0,1,0
449,33,3,2,53220,5153,0,0,0,0,0,0,1,0,0,0,0,1,0,0,0,1,1,0,0,0,0
450,41,3,3,92080,6897,0,0,0,0,0,0,0,0,0,1,1,0,1,0,0,0,0,1,0,0,0
451,55,3,5,118762,6545,0,0,0,1,0,0,0,0,0,0,1,0,1,0,0,0,0,0,0,0,1
452,21,2,5,85398,7113,0,0,0,0,0,0,0,1,0,0,1,0,1,0,0,0,0,0,0,1,0
453,31,3,1,75227,6027,1,0,0,0,0,0,0,0,0,0,0,1,1,0,0,0,0,0,0,1,0
454,41,3,4,104314,6611,1,0,0,0,0,0,0,0,0,0,0,1,0,0,1,0,1,0,0,0,0
455,27,3,1,83262,6884,0,0,0,0,0,1,0,0,0,0,0,1,0,1,0,0,0,0,0,1,0
456,55,3,4,123172,5797,1,0,0,0,0,0,0,0,0,0,1,0,0,0,1,0,1,0,0,0,0
457,41,4,1,67040,7412,1,0,0,0,0,0,0,0,0,0,0,1,0,0,0,1,1,0,0,0,0
458,33,3,1,77655,6581,0,0,0,0,0,0,0,0,0,1,0,1,1,0,0,0,1,0,0,0,0
459,46,3,3,107476,6182,1,0,0,0,0,0,0,0,0,0,1,0,1,0,0,0,1,0,0,0,0
460,45,4,2,89811,6471,0,0,0,0,0,0,0,0,1,0,0,1,0,0,1,0,0,0,0,1,0
461,47,3,5,106893,7958,0,0,0,1,0,0,0,0,0,0,0,1,1,0,0,0,1,0,0,0,0
462,58,4,5,154039,7304,0,0,0,0,0,0,0,0,1,0,0,1,0,0,1,0,0,1,0,0,0
463,64,4,3,116774,6160,0,0,0,0,0,0,0,0,0,1,0,1,0,1,0,0,0,0,0,1,0
464,40,2,2,98281,5646,0,0,0,0,0,0,0,0,1,0,0,1,0,1,0,0,0,0,1,0,0
465,18,3,2,34208,6620,0,0,0,0,0,0,1,0,0,0,1,0,0,1,0,0,0,1,0,0,0
466,42,3,5,121821,6499,0,0,0,0,0,0,0,0,1,0,0,1,0,0,1,0,0,1,0,0,0
467,30,2,5,113122,6060,0,0,0,0,0,0,0,0,1,0,0,1,0,0,1,0,0,1,0,0,0
468,39,4,1,92154,7642,0,0,0,0,0,0,0,0,1,0,0,1,0,0,0,1,0,0,1,0,0
469,31,3,2,110643,7291,0,0,0,0,0,1,0,0,0,0,0,1,0,0,0,1,0,1,0,0,0
470,34,3,1,82345,7211,1,0,0,0,0,0,0,0,0,0,1,0,0,0,0,1,1,0,0,0,0
471,32,3,4,103908,8109,1,0,0,0,0,0,0,0,0,0,0,1,0,0,0,1,0,0,0,0,1
472,24,3,3,49303,6615,0,0,0,0,0,0,1,0,0,0,1,0,0,1,0,0,0,1,0,0,0
473,46,4,3,98456,7177,0,0,0,0,1,0,0,0,0,0,1,0,0,1,0,0,0,0,0,1,0
474,49,3,4,94927,6274,0,0,0,0,0,0,0,0,0,1,0,1,0,0,0,1,0,0,0,1,0
475,30,2,5,76654,6696,0,0,0,0,0,0,0,0,1,0,0,1,1,0,0,0,1,0,0,0,0
476,46,4,1,107859,6989,0,0,0,0,0,1,0,0,0,0,0,1,0,0,1,0,0,0,0,0,1
477,53,4,3,129885,7314,0,0,0,0,0,1,0,0,0,0,1,0,0,1,0,0,0,0,0,1,0
478,62,5,1,85702,6556,0,0,0,1,0,0,0,0,0,0,0,1,0,0,1,0,0,0,0,0,1
479,63,4,1,97797,5239,0,0,1,0,0,0,0,0,0,0,1,0,0,0,1,0,0,0,0,1,0
480,18,1,5,115567,4775,0,0,0,0,0,1,0,0,0,0,0,1,0,0,1,0,0,0,1,0,0
481,30,3,4,91566,6996,0,0,0,0,0,0,0,1,0,0,1,0,0,1,0,0,1,0,0,0,0
482,61,3,4,131608,6537,0,0,0,0,0,0,0,1,0,0,1,0,0,0,0,1,0,0,1,0,0
483,58,4,3,118888,7438,0,0,0,0,0,0,0,1,0,0,0,1,0,0,0,1,1,0,0,0,0
484,55,4,2,75833,6942,0,0,0,1,0,0,0,0,0,0,0,1,1,0,0,0,0,0,0,0,1
485,36,3,2,65750,6177,0,0,1,0,0,0,0,0,0,0,1,0,1,0,0,0,0,1,0,0,0
486,65,4,4,123371,6931,0,0,0,1,0,0,0,0,0,0,0,1,1,0,0,0,0,0,1,0,0
487,49,4,3,76806,6662,0,0,0,0,0,0,1,0,0,0,1,0,0,0,1,0,0,0,0,0,1
488,38,3,3,83774,7127,0,0,0,0,0,0,0,0,0,1,0,1,1,0,0,0,0,0,1,0,0
489,22,1,5,114733,6290,0,0,0,0,0,0,0,0,0,1,1,0,0,0,0,1,0,0,0,1,0
490,22,3,2,69320,6765,0,0,1,0,0,0,0,0,0,0,0,1,0,0,0,1,1,0,0,0,0
491,51,3,4,110746,5947,0,0,0,0,0,0,0,1,0,0,0,1,0,0,0,1,0,0,0,1,0
492,61,4,2,105632,6394,0,0,0,1,0,0,0,0,0,0,0,1,0,0,1,0,0,1,0,0,0
493,62,4,1,117648,4765,0,0,0,0,0,1,0,0,0,0,0,1,0,0,0,1,0,1,0,0,0
494,21,1,4,89170,6722,0,1,0,0,0,0,0,0,0,0,1,0,0,0,0,1,0,0,1,0,0
495,28,3,3,85986,8160,0,0,0,0,0,0,0,1,0,0,0,1,1,0,0,0,0,0,1,0,0
496,32,4,3,78132,8035,0,0,1,0,0,0,0,0,0,0,0,1,0,0,1,0,0,0,0,0,1
497,57,4,3,135073,6898,0,0,0,0,0,1,0,0,0,0,0,1,0,0,1,0,0,0,0,1,0
498,52,4,1,78751,6258,0,1,0,0,0,0,0,0,0,0,1,0,0,1,0,0,0,0,0,1,0
499,64,5,2,118231,7440,0,0,0,0,0,0,0,0,1,0,0,1,0,1,0,0,0,0,0,0,1
500,58,5,1,86651,7250,1,0,0,0,0,0,0,0,0,0,0,1,0,1,0,0,0,0,0,1,0
501,36,3,3,75518,6711,0,0,0,0,1,0,0,0,0,0,1,0,0,0,0,1,0,0,1,0,0
502,44,3,3,114693,6832,1,0,0,0,0,0,0,0,0,0,0,1,0,0,1,0,0,0,1,0,0
503,39,3,4,116875,5479,0,0,1,0,0,0,0,0,0,0,0,1,0,0,1,0,0,1,0,0,0
504,23,4,1,64468,8113,0,0,0,0,1,0,0,0,0,0,0,1,0,0,0,1,1,0,0,0,0
505,40,2,5,116834,5516,0,0,0,0,0,0,1,0,0,0,0,1,0,0,0,1,0,0,0,0,1
506,18,2,5,75294,6496,0,0,0,0,0,0,1,0,0,0,1,0,0,0,1,0,0,0,1,0,0
507,63,3,5,127608,6558,0,0,0,1,0,0,0,0,0,0,1,0,1,0,0,0,0,0,1,0,0
508,43,3,5,116069,6432,0,0,1,0,0,0,0,0,0,0,1,0,1,0,0,0,0,0,0,0,1
509,50,3,2,86122,6295,0,1,0,0,0,0,0,0,0,0,1,0,0,1,0,0,0,1,0,0,0
510,23,2,4,81988,7160,0,0,0,0,0,0,0,0,0,1,0,1,1,0,0,0,0,0,1,0,0
511,22,2,2,68300,5953,0,0,0,0,0,0,0,0,0,1,1,0,0,0,1,0,0,0,0,0,1
512,60,4,2,148178,6777,0,0,0,0,0,1,0,0,0,0,0,1,1,0,0,0,0,0,0,0,1
513,50,3,2,94590,5327,0,0,1,0,0,0,0,0,0,0,1,0,0,0,0,1,0,0,0,1,0
514,33,2,4,87418,6430,0,0,0,0,0,0,0,1,0,0,1,0,1,0,0,0,0,1,0,0,0
515,25,3,1,68384,7443,0,0,0,0,0,0,0,0,0,1,0,1,1,0,0,0,1,0,0,0,0
516,48,3,1,106056,4161,0,0,0,0,0,1,0,0,0,0,0,1,0,0,0,1,0,0,0,1,0
517,35,2,3,110886,6228,0,0,0,0,0,0,0,0,1,0,0,1,0,0,1,0,0,0,1,0,0
518,37,2,3,104082,5477,0,0,0,1,0,0,0,0,0,0,1,0,0,0,1,0,0,0,1,0,0
519,43,3,4,94354,7052,0,0,0,0,1,0,0,0,0,0,1,0,0,0,1,0,0,0,1,0,0
520,53,3,5,128669,6866,0,0,0,0,0,0,0,0,0,1,0,1,0,0,0,1,0,1,0,0,0
521,40,3,3,88725,6243,0,0,1,0,0,0,0,0,0,0,0,1,0,0,0,1,0,0,0,0,1
522,56,3,4,149771,5495,0,0,0,0,0,1,0,0,0,0,0,1,0,0,1,0,0,1,0,0,0
523,45,4,2,98535,8001,0,0,1,0,0,0,0,0,0,0,0,1,0,0,1,0,0,0,1,0,0
524,57,4,1,90713,6552,1,0,0,0,0,0,0,0,0,0,1,0,0,0,0,1,0,0,0,0,1
525,33,3,3,88749,7433,0,0,0,0,1,0,0,0,0,0,0,1,1,0,0,0,0,0,1,0,0
526,49,3,5,126100,6336,0,0,0,1,0,0,0,0,0,0,0,1,0,0,1,0,0,0,0,1,0
527,23,3,3,110594,6753,0,0,0,0,0,1,0,0,0,0,0,1,1,0,0,0,0,0,0,0,1
528,60,4,3,157644,7213,0,0,0,0,0,1,0,0,0,0,0,1,1,0,0,0,0,0,1,0,0
529,41,3,1,113009,6812,0,0,0,0,0,1,0,0,0,0,1,0,0,0,0,1,0,0,1,0,0
530,20,2,4,105601,5943,0,0,1,0,0,0,0,0,0,0,0,1,0,0,0,1,0,1,0,0,0
531,56,4,3,100769,6453,0,0,1,0,0,0,0,0,0,0,0,1,0,1,0,0,0,1,0,0,0
532,38,3,2,82244,6020,0,0,0,0,0,0,0,0,0,1,0,1,0,1,0,0,1,0,0,0,0
533,55,4,2,72030,5569,0,0,0,0,0,0,1,0,0,0,1,0,0,1,0,0,1,0,0,0,0
534,20,1,3,66203,5627,0,1,0,0,0,0,0,0,0,0,1,0,1,0,0,0,0,0,1,0,0
535,34,2,3,67210,5662,0,1,0,0,0,0,0,0,0,0,1,0,0,1,0,0,0,0,1,0,0
536,32,2,2,115383,5878,0,0,0,0,0,1,0,0,0,0,1,0,0,0,0,1,0,0,1,0,0
537,49,3,4,120697,7205,0,0,0,1,0,0,0,0,0,0,1,0,0,0,0,1,0,1,0,0,0
538,29,3,2,70311,6235,0,0,0,1,0,0,0,0,0,0,0,1,0,0,0,1,0,0,0,1,0
539,49,3,4,125770,7301,1,0,0,0,0,0,0,0,0,0,1,0,1,0,0,0,0,1,0,0,0
540,33,1,5,100465,5520,0,0,0,0,0,0,0,0,0,1,0,1,1,0,0,0,0,1,0,0,0
541,30,2,4,83264,6251,0,0,0,0,0,0,0,0,1,0,0,1,1,0,0,0,1,0,0,0,0
542,61,3,4,126375,6630,0,0,0,0,0,0,0,0,0,1,0,1,0,0,0,1,0,1,0,0,0
543,25,3,1,43076,5829,0,1,0,0,0,0,0,0,0,0,0,1,1,0,0,0,0,1,0,0,0
544,37,2,5,97846,7198,1,0,0,0,0,0,0,0,0,0,1,0,1,0,0,0,0,0,0,0,1
545,24,2,3,76522,6900,0,0,0,0,0,0,0,1,0,0,1,0,0,0,1,0,0,0,1,0,0
546,42,3,4,111726,5989,0,1,0,0,0,0,0,0,0,0,0,1,0,0,0,1,0,0,0,1,0
547,55,4,3,112188,6689,0,0,0,0,0,0,0,1,0,0,0,1,1,0,0,0,1,0,0,0,0
548,35,2,5,98959,6572,1,0,0,0,0,0,0,0,0,0,0,1,1,0,0,0,0,0,0,1,0
549,35,2,4,87131,6356,0,0,0,0,0,0,0,1,0,0,1,0,1,0,0,0,0,0,1,0,0
550,40,3,3,77881,5569,0,0,0,0,1,0,0,0,0,0,0,1,1,0,0,0,1,0,0,0,0
551,36,3,2,65225,6462,0,0,0,0,1,0,0,0,0,0,0,1,0,0,1,0,0,1,0,0,0
552,30,4,1,78472,8439,0,1,0,0,0,0,0,0,0,0,0,1,0,0,1,0,0,0,0,1,0
553,58,4,4,126269,6490,0,0,1,0,0,0,0,0,0,0,0,1,1,0,0,0,0,0,0,1,0
554,61,3,3,106233,5792,0,0,0,0,0,0,0,0,0,1,0,1,0,1,0,0,0,0,1,0,0
555,37,3,2,56656,5914,0,0,0,0,1,0,0,0,0,0,1,0,0,1,0,0,0,0,0,0,1
556,42,3,2,70157,6016,0,0,0,0,1,0,0,0,0,0,1,0,0,1,0,0,0,1,0,0,0
557,41,2,2,98366,6398,1,0,0,0,0,0,0,0,0,0,1,0,0,0,0,1,0,1,0,0,0
558,59,4,2,127013,6124,0,0,0,0,0,1,0,0,0,0,0,1,1,0,0,0,0,1,0,0,0
559,53,3,3,106146,6618,0,0,0,0,0,0,0,0,1,0,0,1,0,1,0,0,0,0,1,0,0
560,22,2,4,90736,6219,0,0,0,0,0,1,0,0,0,0,0,1,0,0,1,0,0,0,0,1,0
561,44,3,1,66611,5924,0,0,0,1,0,0,0,0,0,0,0,1,0,0,0,1,0,0,0,0,1
562,57,3,5,150914,5982,0,0,0,0,0,1,0,0,0,0,0,1,0,0,0,1,0,0,0,1,0
563,30,2,4,70559,6497,0,0,0,1,0,0,0,0,0,0,0,1,0,0,1,0,0,0,1,0,0
564,33,3,1,73798,6224,1,0,0,0,0,0,0,0,0,0,1,0,1,0,0,0,0,0,0,0,1
565,22,2,3,69734,5383,0,0,0,1,0,0,0,0,0,0,0,1,0,1,0,0,0,0,0,0,1
566,52,3,3,94763,5668,0,0,0,0,0,0,1,0,0,0,1,0,0,1,0,0,0,0,0,0,1
567,23,2,5,101534,6861,0,0,1,0,0,0,0,0,0,0,1,0,1,0,0,0,1,0,0,0,0
568,23,1,5,91504,5136,0,0,0,1,0,0,0,0,0,0,0,1,0,0,0,1,0,0,1,0,0
569,19,1,4,90426,5020,0,0,0,0,0,0,0,1,0,0,1,0,1,0,0,0,0,0,1,0,0
570,20,2,3,100183,6363,0,0,0,0,0,1,0,0,0,0,0,1,0,0,1,0,0,0,0,1,0
571,62,4,2,99369,6746,0,0,0,0,1,0,0,0,0,0,1,0,1,0,0,0,0,0,0,1,0
572,40,3,1,55845,6616,0,0,0,1,0,0,0,0,0,0,1,0,1,0,0,0,0,0,0,1,0
573,26,3,2,48570,6604,0,0,1,0,0,0,0,0,0,0,1,0,1,0,0,0,1,0,0,0,0
574,56,3,3,98165,5470,1,0,0,0,0,0,0,0,0,0,0,1,0,0,1,0,0,1,0,0,0
575,57,3,3,113274,6186,1,0,0,0,0,0,0,0,0,0,1,0,0,0,1,0,0,0,0,1,0
576,23,2,3,95754,6596,0,0,0,0,0,0,0,0,1,0,0,1,0,0,1,0,0,1,0,0,0
577,27,2,1,57915,4584,1,0,0,0,0,0,0,0,0,0,0,1,1,0,0,0,0,1,0,0,0
578,53,4,2,121506,6122,0,0,0,0,0,1,0,0,0,0,0,1,1,0,0,0,0,0,0,0,1
579,37,3,1,121151,5934,0,0,0,0,0,1,0,0,0,0,0,1,0,0,1,0,0,0,1,0,0
580,46,3,3,86241,5814,0,0,0,0,0,0,1,0,0,0,1,0,1,0,0,0,0,0,1,0,0
581,40,2,2,87682,4152,1,0,0,0,0,0,0,0,0,0,0,1,0,0,1,0,0,0,1,0,0
582,42,2,3,114029,6842,0,0,0,0,0,0,0,0,1,0,0,1,1,0,0,0,1,0,0,0,0
583,43,3,1,67323,4680,0,0,0,0,1,0,0,0,0,0,0,1,1,0,0,0,0,0,1,0,0
584,28,3,2,68049,6660,1,0,0,0,0,0,0,0,0,0,0,1,0,1,0,0,0,0,1,0,0
585,39,3,4,93335,5243,0,0,0,0,1,0,0,0,0,0,0,1,0,1,0,0,0,1,0,0,0
586,55,3,2,100433,5090,0,1,0,0,0,0,0,0,0,0,1,0,0,0,0,1,0,0,0,1,0
587,62,3,5,123242,5453,0,0,0,0,0,0,1,0,0,0,1,0,0,0,0,1,0,0,0,1,0
588,32,2,2,87585,6476,0,0,0,0,0,0,0,1,0,0,1,0,0,0,0,1,1,0,0,0,0
589,18,2,1,45747,4890,0,0,0,0,1,0,0,0,0,0,1,0,0,0,1,0,0,0,0,0,1
590,41,3,2,36972,7058,0,0,0,0,0,0,1,0,0,0,1,0,0,1,0,0,1,0,0,0,0
591,29,3,3,64754,7377,0,0,0,0,0,0,0,1,0,0,1,0,0,1,0,0,0,0,1,0,0
592,44,2,5,132267,5679,0,0,0,0,1,0,0,0,0,0,1,0,0,0,0,1,0,0,0,1,0
593,53,3,3,111043,5838,0,1,0,0,0,0,0,0,0,0,0,1,0,0,0,1,1,0,0,0,0
594,25,2,1,58130,6327,0,0,0,0,0,0,0,0,0,1,0,1,0,0,1,0,0,1,0,0,0
595,27,3,3,90542,7554,0,0,0,0,1,0,0,0,0,0,0,1,0,0,0,1,0,0,0,1,0
596,40,2,2,124891,5436,0,0,0,0,0,1,0,0,0,0,0,1,1,0,0,0,1,0,0,0,0
597,54,3,5,112507,7460,0,0,0,0,0,0,1,0,0,0,1,0,0,0,0,1,0,1,0,0,0
598,64,4,5,100316,6010,0,0,0,0,0,0,1,0,0,0,1,0,1,0,0,0,0,0,0,0,1
599,63,3,2,134757,5944,0,0,0,0,0,0,0,0,1,0,0,1,0,0,0,1,0,1,0,0,0
600,42,3,4,125339,6019,0,0,0,0,0,1,0,0,0,0,0,1,1,0,0,0,0,0,0,0,1
601,62,4,3,111120,6536,0,0,0,0,1,0,0,0,0,0,1,0,1,0,0,0,0,0,1,0,0
602,36,3,3,76523,7122,1,0,0,0,0,0,0,0,0,0,1,0,0,1,0,0,0,0,0,1,0
603,50,3,2,91160,5863,0,1,0,0,0,0,0,0,0,0,1,0,1,0,0,0,0,0,0,1,0
604,28,3,2,105795,6179,0,0,0,0,0,1,0,0,0,0,0,1,1,0,0,0,0,0,0,0,1
605,18,2,2,66935,6508,0,0,1,0,0,0,0,0,0,0,1,0,0,1,0,0,0,0,0,1,0
606,19,1,3,75238,5308,0,0,0,0,0,0,0,1,0,0,0,1,0,0,0,1,0,0,1,0,0
607,55,2,5,138365,5359,1,0,0,0,0,0,0,0,0,0,1,0,0,0,1,0,0,0,0,0,1
608,42,2,1,103978,5146,0,0,0,0,0,0,0,0,1,0,0,1,1,0,0,0,0,0,1,0,0
609,65,4,5,165229,6506,0,0,0,0,1,0,0,0,0,0,0,1,0,0,1,0,0,0,0,0,1
610,54,2,4,118322,5224,0,0,0,0,0,0,0,0,0,1,0,1,0,0,1,0,0,1,0,0,0
611,39,2,5,106883,5831,0,0,0,1,0,0,0,0,0,0,0,1,0,0,1,0,0,0,0,1,0
612,45,2,2,59006,5876,0,0,0,0,0,0,1,0,0,0,1,0,0,1,0,0,0,0,1,0,0
613,30,1,4,125164,5888,0,0,0,0,0,1,0,0,0,0,0,1,0,0,0,1,0,1,0,0,0
614,53,4,1,89225,5751,0,0,0,0,0,0,0,0,1,0,0,1,0,1,0,0,0,0,0,1,0
615,63,4,2,101716,5881,0,1,0,0,0,0,0,0,0,0,0,1,0,1,0,0,0,0,0,0,1
616,45,3,3,74305,7126,0,0,0,0,0,0,1,0,0,0,1,0,0,0,1,0,0,0,0,0,1
617,30,3,1,38451,5562,0,0,0,0,0,0,1,0,0,0,1,0,0,0,1,0,1,0,0,0,0
618,48,1,5,113465,3846,0,0,0,1,0,0,0,0,0,0,1,0,0,1,0,0,0,0,0,1,0
619,27,2,2,66377,5803,0,0,0,0,0,0,0,1,0,0,1,0,1,0,0,0,0,0,0,1,0
620,31,3,1,79142,5445,0,0,1,0,0,0,0,0,0,0,0,1,0,0,0,1,0,1,0,0,0
621,20,1,4,55569,5236,0,0,0,1,0,0,0,0,0,0,1,0,0,0,1,0,0,0,0,1,0
622,60,4,1,97240,5412,0,0,0,1,0,0,0,0,0,0,0,1,0,0,1,0,0,1,0,0,0
623,25,1,5,119033,6381,0,0,0,0,0,1,0,0,0,0,1,0,0,0,1,0,0,0,1,0,0
624,65,3,5,106315,5618,0,0,0,0,0,0,1,0,0,0,1,0,0,0,1,0,1,0,0,0,0
625,24,2,3,81301,5713,0,1,0,0,0,0,0,0,0,0,0,1,1,0,0,0,0,1,0,0,0
626,23,1,2,79462,4673,0,0,0,0,0,0,0,0,1,0,0,1,0,0,0,1,0,0,1,0,0
627,28,1,5,105598,5380,0,0,0,0,1,0,0,0,0,0,1,0,0,0,0,1,0,0,0,0,1
628,30,2,3,72497,6452,1,0,0,0,0,0,0,0,0,0,0,1,1,0,0,0,0,0,0,1,0
629,23,1,4,78084,5598,0,0,1,0,0,0,0,0,0,0,1,0,0,1,0,0,0,0,1,0,0
630,50,3,1,84803,5406,0,0,0,1,0,0,0,0,0,0,0,1,0,0,1,0,0,0,1,0,0
631,18,2,1,41603,6092,0,0,0,1,0,0,0,0,0,0,1,0,1,0,0,0,1,0,0,0,0
632,47,2,2,78002,5175,0,1,0,0,0,0,0,0,0,0,1,0,0,0,1,0,0,0,0,1,0
633,56,3,2,79274,4618,0,0,0,0,0,0,0,0,0,1,0,1,0,0,1,0,1,0,0,0,0
634,20,2,1,49622,5452,0,0,0,0,1,0,0,0,0,0,0,1,0,0,0,1,0,0,1,0,0
635,62,3,3,129620,5608,0,0,0,0,0,0,0,1,0,0,0,1,1,0,0,0,0,0,1,0,0
636,36,2,4,87848,5166,0,0,0,0,0,0,0,0,1,0,0,1,0,1,0,0,1,0,0,0,0
637,24,2,3,51906,6274,0,1,0,0,0,0,0,0,0,0,0,1,1,0,0,0,0,0,1,0,0
638,44,2,3,81866,5183,0,0,0,0,0,0,0,1,0,0,1,0,0,1,0,0,0,1,0,0,0
639,24,2,3,71590,5845,0,0,1,0,0,0,0,0,0,0,0,1,0,0,0,1,0,1,0,0,0
640,19,2,2,63928,4998,0,0,0,0,0,0,0,0,0,1,0,1,0,1,0,0,0,0,0,0,1
641,44,4,4,83333,7113,0,1,0,0,0,0,0,0,0,0,0,1,0,1,0,0,1,0,0,0,0
642,49,3,4,92797,5405,0,0,0,0,0,0,1,0,0,0,0,1,0,1,0,0,1,0,0,0,0
643,36,3,1,93067,5103,0,0,1,0,0,0,0,0,0,0,0,1,0,0,0,1,0,0,0,1,0
644,22,2,3,72422,5697,0,0,0,1,0,0,0,0,0,0,0,1,0,1,0,0,0,0,0,0,1
645,59,3,3,120159,4265,0,1,0,0,0,0,0,0,0,0,0,1,1,0,0,0,0,0,0,1,0
646,39,3,3,91711,6775,1,0,0,0,0,0,0,0,0,0,1,0,0,0,1,0,0,0,0,1,0
647,50,3,5,93805,6044,0,0,0,0,0,0,1,0,0,0,1,0,0,0,1,0,0,0,0,0,1
648,58,3,5,109931,5878,0,0,0,0,0,0,1,0,0,0,1,0,0,0,1,0,0,0,0,1,0
649,42,2,5,88365,4668,0,0,0,0,0,0,1,0,0,0,1,0,1,0,0,0,1,0,0,0,0
650,58,4,3,104744,6425,0,0,1,0,0,0,0,0,0,0,0,1,0,0,1,0,0,0,0,1,0
651,44,3,1,79334,6505,0,0,0,0,0,0,0,0,0,1,1,0,0,1,0,0,1,0,0,0,0
652,41,2,4,95795,4898,0,1,0,0,0,0,0,0,0,0,0,1,0,0,1,0,1,0,0,0,0
653,58,3,1,98512,4548,0,0,1,0,0,0,0,0,0,0,1,0,0,0,0,1,0,1,0,0,0
654,33,2,4,78910,5927,1,0,0,0,0,0,0,0,0,0,1,0,0,1,0,0,0,0,0,1,0
655,22,1,2,103156,6277,0,0,0,0,0,1,0,0,0,0,0,1,1,0,0,0,0,0,1,0,0
656,35,2,5,92760,4826,0,1,0,0,0,0,0,0,0,0,0,1,0,1,0,0,1,0,0,0,0
657,42,1,5,125574,5688,0,0,0,0,0,0,0,0,0,1,1,0,0,0,0,1,0,0,0,1,0
658,62,4,3,93742,6580,1,0,0,0,0,0,0,0,0,0,0,1,1,0,0,0,0,0,0,1,0
659,50,2,5,124470,5454,0,0,0,0,0,0,0,1,0,0,0,1,0,0,1,0,0,1,0,0,0
660,51,2,3,132323,4872,0,0,0,0,0,0,0,0,1,0,0,1,0,0,1,0,0,1,0,0,0
661,22,1,4,70595,5234,0,0,0,0,0,0,0,1,0,0,0,1,0,1,0,0,0,0,0,0,1
662,32,2,1,71278,4701,0,0,0,0,0,0,0,0,1,0,0,1,1,0,0,0,0,0,0,1,0
663,33,2,2,53855,4980,1,0,0,0,0,0,0,0,0,0,0,1,0,1,0,0,0,1,0,0,0
664,35,1,4,98423,3879,0,0,0,0,1,0,0,0,0,0,0,1,1,0,0,0,0,0,1,0,0
665,47,2,4,126239,5396,0,0,0,0,0,0,0,0,1,0,0,1,0,0,1,0,0,0,0,1,0
666,53,2,5,101133,4700,0,0,0,0,0,0,0,1,0,0,0,1,0,0,1,0,0,0,1,0,0
667,23,1,4,92516,5866,0,0,0,0,0,0,0,0,0,1,0,1,0,1,0,0,1,0,0,0,0
668,49,3,3,93320,7236,1,0,0,0,0,0,0,0,0,0,0,1,1,0,0,0,1,0,0,0,0
669,45,1,5,106963,5084,0,0,0,0,0,0,0,0,0,1,1,0,0,1,0,0,1,0,0,0,0
670,26,1,5,111770,5345,0,0,0,0,1,0,0,0,0,0,1,0,0,0,0,1,0,0,0,0,1
671,33,2,5,106584,5426,0,0,0,0,1,0,0,0,0,0,0,1,0,0,1,0,0,1,0,0,0
672,26,2,3,57672,6476,0,0,0,0,0,0,1,0,0,0,1,0,0,1,0,0,0,0,0,1,0
673,50,3,1,90612,5913,0,0,0,0,0,0,0,0,0,1,0,1,0,0,1,0,1,0,0,0,0
674,35,2,5,97768,7233,0,0,0,1,0,0,0,0,0,0,1,0,0,1,0,0,0,1,0,0,0
675,31,2,3,82790,5826,0,0,1,0,0,0,0,0,0,0,0,1,0,0,0,1,1,0,0,0,0
676,50,3,1,76103,5173,0,0,0,1,0,0,0,0,0,0,1,0,0,0,1,0,1,0,0,0,0
677,38,3,1,84628,5680,0,0,1,0,0,0,0,0,0,0,0,1,0,0,1,0,1,0,0,0,0
678,59,2,2,93441,5499,0,0,0,0,0,0,0,0,0,1,1,0,1,0,0,0,0,0,1,0,0
679,42,2,5,110636,5239,0,0,0,0,0,0,1,0,0,0,0,1,0,0,1,0,0,0,1,0,0
680,55,3,1,108366,5108,1,0,0,0,0,0,0,0,0,0,1,0,0,0,0,1,1,0,0,0,0
681,38,2,3,135106,5066,0,0,0,0,0,1,0,0,0,0,0,1,0,0,1,0,0,0,1,0,0
682,55,2,3,85453,5135,0,0,0,0,0,0,0,0,0,1,1,0,0,0,0,1,1,0,0,0,0
683,54,3,3,100160,5562,0,0,0,1,0,0,0,0,0,0,0,1,0,1,0,0,0,0,1,0,0
684,48,2,3,79765,5329,1,0,0,0,0,0,0,0,0,0,1,0,1,0,0,0,1,0,0,0,0
685,48,2,4,157169,5798,0,0,0,0,0,1,0,0,0,0,0,1,0,0,0,1,0,1,0,0,0
686,63,3,3,129683,5754,0,0,1,0,0,0,0,0,0,0,1,0,0,0,0,1,0,1,0,0,0
687,20,1,2,76908,4756,0,0,1,0,0,0,0,0,0,0,1,0,1,0,0,0,0,0,1,0,0
688,53,3,1,93696,5029,0,0,1,0,0,0,0,0,0,0,1,0,0,1,0,0,0,0,1,0,0
689,40,3,2,88230,5512,0,1,0,0,0,0,0,0,0,0,0,1,0,1,0,0,0,0,0,0,1
690,46,2,2,83095,5284,0,0,0,0,0,0,0,1,0,0,1,0,0,0,1,0,0,0,1,0,0
691,26,2,3,81325,5647,0,0,0,0,1,0,0,0,0,0,1,0,1,0,0,0,0,0,0,0,1
692,62,2,2,102106,5195,0,0,0,0,0,0,0,0,0,1,1,0,0,0,0,1,0,1,0,0,0
693,43,1,1,80635,4322,0,0,0,1,0,0,0,0,0,0,1,0,0,0,0,1,0,1,0,0,0
694,32,2,3,73404,5038,0,0,0,0,0,0,1,0,0,0,1,0,1,0,0,0,0,0,0,0,1
695,44,3,1,83674,4854,1,0,0,0,0,0,0,0,0,0,0,1,0,1,0,0,0,0,0,0,1
696,62,3,4,118314,4892,0,0,0,0,1,0,0,0,0,0,0,1,0,0,1,0,0,1,0,0,0
697,57,2,5,133741,4925,0,0,0,1,0,0,0,0,0,0,1,0,0,0,1,0,0,0,0,0,1
698,50,3,1,119522,4650,0,0,0,0,0,0,0,0,1,0,0,1,0,0,0,1,0,0,0,0,1
699,40,2,3,84592,4635,0,0,0,0,0,0,0,1,0,0,0,1,0,1,0,0,1,0,0,0,0
700,64,3,2,121589,5133,0,0,0,0,0,0,0,1,0,0,0,1,0,0,0,1,0,0,0,0,1
701,28,1,4,104329,4962,0,0,0,0,0,1,0,0,0,0,1,0,0,1,0,0,0,1,0,0,0
702,24,1,3,71371,5220,0,0,0,0,0,0,0,0,0,1,0,1,1,0,0,0,0,1,0,0,0
703,59,4,1,96582,6350,1,0,0,0,0,0,0,0,0,0,0,1,0,0,1,0,0,0,0,0,1
704,62,3,3,108778,4357,1,0,0,0,0,0,0,0,0,0,0,1,0,0,0,1,0,0,0,0,1
705,63,3,4,128520,6151,0,1,0,0,0,0,0,0,0,0,0,1,0,0,0,1,0,0,1,0,0
706,34,1,5,102745,6303,0,0,0,0,0,0,0,1,0,0,1,0,0,1,0,0,0,0,1,0,0
707,62,4,3,146008,6235,0,0,0,0,0,1,0,0,0,0,1,0,0,0,1,0,1,0,0,0,0
708,44,2,2,68364,4076,0,0,0,0,0,0,1,0,0,0,1,0,0,0,0,1,0,0,1,0,0
709,31,2,4,62753,5735,0,1,0,0,0,0,0,0,0,0,0,1,0,1,0,0,1,0,0,0,0
710,27,1,5,96584,5293,1,0,0,0,0,0,0,0,0,0,1,0,0,1,0,0,1,0,0,0,0
711,32,1,5,128680,4677,0,0,0,0,0,0,0,0,1,0,0,1,1,0,0,0,0,1,0,0,0
712,55,2,5,152710,6107,0,0,0,0,0,1,0,0,0,0,0,1,1,0,0,0,0,0,1,0,0
713,36,1,5,109136,4572,0,0,0,0,0,0,0,0,1,0,0,1,0,1,0,0,0,0,0,1,0
714,53,2,2,102265,4760,1,0,0,0,0,0,0,0,0,0,1,0,0,0,0,1,0,0,0,1,0
715,33,1,5,81249,4845,0,0,0,0,0,0,1,0,0,0,1,0,0,1,0,0,0,0,1,0,0
716,56,3,2,101791,6083,0,0,0,0,1,0,0,0,0,0,1,0,0,0,1,0,0,0,1,0,0
717,62,4,1,77584,4524,0,0,0,0,0,0,1,0,0,0,1,0,1,0,0,0,0,0,0,0,1
718,36,1,3,88175,5004,0,1,0,0,0,0,0,0,0,0,1,0,0,0,1,0,1,0,0,0,0
719,21,1,2,65816,6817,1,0,0,0,0,0,0,0,0,0,1,0,0,0,0,1,0,1,0,0,0
720,33,2,1,84878,5009,0,0,0,0,1,0,0,0,0,0,0,1,0,0,1,0,0,0,0,0,1
721,28,1,5,73685,4439,0,0,0,0,0,0,1,0,0,0,1,0,0,0,1,0,0,1,0,0,0
722,27,1,2,55560,4449,0,0,0,0,1,0,0,0,0,0,1,0,0,0,1,0,1,0,0,0,0
723,36,2,2,94745,5930,0,0,0,0,0,0,0,0,1,0,0,1,0,0,1,0,1,0,0,0,0
724,43,2,3,106452,5346,1,0,0,0,0,0,0,0,0,0,1,0,0,0,0,1,0,0,0,0,1
725,46,2,2,95505,4549,0,0,0,0,0,0,0,1,0,0,0,1,1,0,0,0,0,0,1,0,0
726,25,1,4,103181,4566,0,0,0,0,0,0,0,0,1,0,0,1,0,1,0,0,0,1,0,0,0
727,40,2,1,120096,4690,0,0,0,0,0,0,0,0,1,0,0,1,0,0,1,0,0,0,0,0,1
728,47,2,2,87575,4422,0,0,0,0,0,0,0,0,0,1,1,0,1,0,0,0,1,0,0,0,0
729,51,3,2,98499,6274,0,0,0,0,0,0,0,1,0,0,0,1,0,1,0,0,0,0,1,0,0
730,60,2,3,113140,4079,0,1,0,0,0,0,0,0,0,0,1,0,0,0,0,1,0,0,0,0,1
731,56,2,4,152081,4621,0,0,0,0,0,1,0,0,0,0,0,1,0,0,0,1,1,0,0,0,0
732,40,1,5,100505,4626,1,0,0,0,0,0,0,0,0,0,1,0,0,0,1,0,0,0,1,0,0
733,60,3,2,104589,4536,0,0,0,0,1,0,0,0,0,0,1,0,0,0,1,0,0,0,1,0,0
734,36,2,3,134450,5214,0,0,0,0,0,1,0,0,0,0,0,1,0,0,1,0,0,0,0,0,1
735,48,3,1,61081,6337,0,0,0,0,1,0,0,0,0,0,1,0,0,1,0,0,0,0,1,0,0
736,37,2,1,100819,5390,0,0,0,0,0,1,0,0,0,0,0,1,0,0,0,1,0,0,0,1,0
737,64,2,5,157277,4844,0,0,0,0,0,0,0,0,1,0,0,1,0,0,0,1,0,0,0,0,1
738,51,2,2,79237,4453,0,0,0,0,0,0,1,0,0,0,1,0,0,1,0,0,0,0,1,0,0
739,20,2,2,68175,5698,0,1,0,0,0,0,0,0,0,0,0,1,0,1,0,0,0,0,0,0,1
740,61,2,4,108475,4489,0,1,0,0,0,0,0,0,0,0,1,0,1,0,0,0,0,0,1,0,0
741,65,3,2,122624,4165,0,0,0,0,0,0,0,0,1,0,0,1,0,1,0,0,0,0,0,0,1
742,34,1,4,99942,5352,0,0,0,1,0,0,0,0,0,0,1,0,1,0,0,0,0,0,1,0,0
743,58,2,2,108296,4708,1,0,0,0,0,0,0,0,0,0,1,0,0,0,0,1,0,1,0,0,0
744,45,2,2,101273,3817,0,0,0,1,0,0,0,0,0,0,0,1,0,0,1,0,0,0,1,0,0
745,18,1,3,59334,5729,0,0,0,0,0,0,0,1,0,0,0,1,0,0,1,0,1,0,0,0,0
746,43,1,4,152625,4702,0,0,0,0,0,1,0,0,0,0,0,1,0,0,0,1,0,0,1,0,0
747,62,3,4,126370,6032,0,0,0,0,1,0,0,0,0,0,1,0,1,0,0,0,0,0,0,0,1
748,45,2,5,122142,5435,0,0,1,0,0,0,0,0,0,0,1,0,0,0,1,0,1,0,0,0,0
749,19,1,4,75919,5613,0,1,0,0,0,0,0,0,0,0,1,0,0,1,0,0,0,0,0,1,0
750,26,1,3,90526,4191,1,0,0,0,0,0,0,0,0,0,0,1,0,0,1,0,0,0,0,1,0
751,47,2,3,103416,5536,0,0,0,0,1,0,0,0,0,0,1,0,0,0,0,1,1,0,0,0,0
752,59,3,3,133910,5795,0,0,0,0,0,1,0,0,0,0,0,1,1,0,0,0,0,1,0,0,0
753,63,3,1,104468,4466,0,1,0,0,0,0,0,0,0,0,1,0,0,1,0,0,0,0,0,0,1
754,57,2,4,117202,5068,0,0,0,0,0,0,0,1,0,0,1,0,0,1,0,0,0,0,1,0,0
755,51,1,5,139141,4969,1,0,0,0,0,0,0,0,0,0,1,0,0,0,0,1,0,0,0,0,1
756,58,1,4,134109,4184,0,0,0,0,0,0,0,0,0,1,1,0,0,0,1,0,0,0,1,0,0
757,24,1,2,66887,5014,0,0,0,0,0,0,0,1,0,0,1,0,0,1,0,0,1,0,0,0,0
758,41,1,5,77839,4458,1,0,0,0,0,0,0,0,0,0,0,1,1,0,0,0,0,0,0,1,0
759,21,1,2,61018,5513,0,1,0,0,0,0,0,0,0,0,0,1,0,1,0,0,0,0,0,0,1
760,58,2,4,124847,3100,0,0,0,0,1,0,0,0,0,0,1,0,0,1,0,0,0,0,0,0,1
761,33,2,1,50758,5386,0,0,1,0,0,0,0,0,0,0,1,0,0,0,0,1,1,0,0,0,0
762,34,1,3,75316,5861,0,0,0,1,0,0,0,0,0,0,1,0,0,0,0,1,0,0,0,1,0
763,54,3,2,118093,4115,0,1,0,0,0,0,0,0,0,0,0,1,0,0,0,1,0,0,0,0,1
764,31,1,4,106503,5225,0,0,0,0,0,0,0,0,1,0,0,1,1,0,0,0,0,0,0,1,0
765,55,2,3,111502,4413,0,0,0,1,0,0,0,0,0,0,1,0,1,0,0,0,1,0,0,0,0
766,47,1,4,116642,4621,0,0,0,0,0,0,0,1,0,0,1,0,0,0,0,1,0,1,0,0,0
767,55,3,1,84683,4476,0,0,1,0,0,0,0,0,0,0,0,1,1,0,0,0,0,0,0,1,0
768,45,2,4,113283,5404,0,0,0,0,1,0,0,0,0,0,1,0,0,0,0,1,0,0,0,0,1
769,48,2,4,86538,4212,0,0,0,0,0,0,1,0,0,0,1,0,0,1,0,0,1,0,0,0,0
770,62,3,2,77742,5430,0,0,0,0,0,0,1,0,0,0,1,0,0,0,1,0,0,1,0,0,0
771,22,1,1,67913,4045,0,0,0,0,0,0,0,0,1,0,0,1,1,0,0,0,0,0,0,0,1
772,54,2,2,114171,3768,0,0,1,0,0,0,0,0,0,0,1,0,1,0,0,0,0,0,0,0,1
773,47,1,4,155826,4964,0,0,0,0,0,1,0,0,0,0,0,1,0,0,1,0,0,1,0,0,0
774,63,2,4,106204,4534,0,0,0,1,0,0,0,0,0,0,1,0,1,0,0,0,0,0,0,1,0
775,38,1,4,111041,3727,0,0,0,1,0,0,0,0,0,0,1,0,0,1,0,0,1,0,0,0,0
776,62,2,3,138184,4664,0,0,0,0,0,0,0,0,1,0,0,1,0,0,0,1,0,1,0,0,0
777,63,3,2,95795,5723,0,0,1,0,0,0,0,0,0,0,1,0,1,0,0,0,0,0,0,0,1
778,60,3,3,106798,5201,0,0,0,0,0,0,0,1,0,0,0,1,0,1,0,0,1,0,0,0,0
779,65,3,3,98575,5410,0,0,0,0,0,0,1,0,0,0,1,0,0,1,0,0,0,1,0,0,0
780,37,2,1,82343,5232,0,0,0,0,0,0,0,0,0,1,0,1,0,0,1,0,1,0,0,0,0
781,57,1,3,117131,2324,0,0,0,0,0,0,0,0,1,0,1,0,1,0,0,0,0,1,0,0,0
782,26,2,2,78625,4073,0,0,0,0,0,0,0,1,0,0,0,1,0,1,0,0,0,0,0,0,1
783,27,2,4,99134,6255,0,0,1,0,0,0,0,0,0,0,0,1,0,0,0,1,1,0,0,0,0
784,20,2,2,38613,6079,0,0,0,0,0,0,1,0,0,0,1,0,1,0,0,0,1,0,0,0,0
785,26,2,1,62866,5114,0,0,0,0,0,0,1,0,0,0,1,0,1,0,0,0,0,0,0,1,0
786,44,1,5,107818,5281,0,0,0,1,0,0,0,0,0,0,0,1,0,0,1,0,0,1,0,0,0
787,47,1,5,108731,4793,0,0,0,1,0,0,0,0,0,0,1,0,0,1,0,0,0,0,0,1,0
788,21,1,2,114621,3927,0,0,0,0,0,1,0,0,0,0,0,1,1,0,0,0,0,0,1,0,0
789,23,1,2,47739,4829,0,0,0,0,0,0,1,0,0,0,1,0,0,1,0,0,0,0,0,0,1
790,45,1,3,104290,3474,1,0,0,0,0,0,0,0,0,0,0,1,0,0,1,0,0,0,0,1,0
791,65,4,1,111403,5078,0,0,1,0,0,0,0,0,0,0,0,1,0,0,1,0,0,0,0,0,1
792,52,2,5,93802,5404,0,0,0,0,1,0,0,0,0,0,0,1,1,0,0,0,1,0,0,0,0
793,30,1,5,138163,3415,0,0,0,0,0,1,0,0,0,0,0,1,0,1,0,0,0,0,0,0,1
794,50,2,3,115613,3881,0,0,1,0,0,0,0,0,0,0,0,1,0,0,1,0,0,0,0,1,0
795,18,1,1,64920,4967,0,0,0,0,0,0,0,1,0,0,1,0,0,0,1,0,0,1,0,0,0
796,36,1,1,79177,3661,0,0,0,0,0,0,0,0,1,0,1,0,0,0,0,1,0,0,1,0,0
797,25,1,1,64994,4310,0,0,0,0,0,0,0,0,0,1,0,1,1,0,0,0,0,0,0,1,0
798,53,3,2,100941,5992,0,1,0,0,0,0,0,0,0,0,0,1,0,0,0,1,0,0,0,0,1
799,55,1,5,163208,4095,0,0,0,0,0,1,0,0,0,0,0,1,0,1,0,0,0,0,1,0,0
800,24,1,2,51837,4472,0,0,0,0,0,0,0,1,0,0,0,1,0,0,0,1,0,0,0,1,0
801,56,2,4,114048,5097,0,0,0,1,0,0,0,0,0,0,0,1,0,0,1,0,0,0,1,0,0
802,59,2,2,136215,3603,0,0,0,0,0,1,0,0,0,0,1,0,0,1,0,0,0,0,1,0,0
803,55,3,1,63327,4066,0,0,0,0,0,0,1,0,0,0,1,0,0,1,0,0,1,0,0,0,0
804,64,2,4,139068,4126,0,0,0,0,0,0,0,0,1,0,0,1,0,0,0,1,0,1,0,0,0
805,63,2,3,136209,3910,0,0,0,0,0,0,0,1,0,0,0,1,0,0,1,0,0,1,0,0,0
806,55,2,3,121910,4494,0,0,0,0,0,0,0,0,1,0,0,1,0,0,0,1,0,0,1,0,0
807,43,2,2,82057,5268,0,0,0,1,0,0,0,0,0,0,0,1,0,0,0,1,0,0,1,0,0
808,51,2,1,96023,4148,0,0,0,0,0,0,0,1,0,0,0,1,0,1,0,0,0,1,0,0,0
809,31,1,3,52578,5538,0,0,0,0,0,0,1,0,0,0,1,0,0,1,0,0,0,0,0,0,1
810,61,2,4,114436,4249,0,1,0,0,0,0,0,0,0,0,1,0,1,0,0,0,1,0,0,0,0
811,56,2,4,99543,4442,0,0,0,0,0,0,1,0,0,0,1,0,0,0,1,0,0,0,0,0,1
812,41,2,1,60983,5022,0,0,0,0,0,0,0,1,0,0,1,0,1,0,0,0,0,0,0,0,1
813,49,3,1,82277,5460,0,0,0,0,0,0,0,0,1,0,0,1,0,0,1,0,1,0,0,0,0
814,23,1,2,55885,3795,0,0,0,0,0,0,1,0,0,0,1,0,1,0,0,0,0,0,0,0,1
815,29,1,3,73142,4712,0,0,0,1,0,0,0,0,0,0,0,1,0,0,1,0,0,0,0,1,0
816,53,2,4,107065,3652,0,0,0,1,0,0,0,0,0,0,0,1,0,1,0,0,0,0,0,1,0
817,61,2,2,107064,4202,0,1,0,0,0,0,0,0,0,0,1,0,0,0,0,1,0,1,0,0,0
818,56,2,5,107370,4916,0,0,0,0,0,0,1,0,0,0,1,0,0,1,0,0,0,0,0,1,0
819,25,1,1,39741,4981,0,0,0,0,0,0,1,0,0,0,1,0,0,1,0,0,0,0,0,0,1
820,64,2,3,120579,4687,0,0,0,0,0,0,0,1,0,0,0,1,0,1,0,0,0,0,1,0,0
821,55,2,3,103242,4495,0,1,0,0,0,0,0,0,0,0,1,0,0,1,0,0,0,1,0,0,0
822,42,1,5,120112,5070,0,1,0,0,0,0,0,0,0,0,1,0,0,0,1,0,0,0,0,0,1
823,61,2,2,83308,3653,0,0,0,0,0,0,0,1,0,0,1,0,0,1,0,0,0,0,0,0,1
824,26,1,1,36585,4373,0,0,0,0,0,0,1,0,0,0,1,0,0,1,0,0,0,0,1,0,0
825,59,2,4,115344,4827,0,0,0,1,0,0,0,0,0,0,1,0,1,0,0,0,0,1,0,0,0
826,36,2,1,49553,5784,0,0,0,0,0,0,0,1,0,0,0,1,0,1,0,0,0,0,1,0,0
827,54,2,3,96982,4750,0,0,0,0,1,0,0,0,0,0,1,0,0,0,1,0,1,0,0,0,0
828,24,1,4,80030,5481,0,0,1,0,0,0,0,0,0,0,1,0,0,1,0,0,0,0,1,0,0
829,58,2,4,110157,4275,0,1,0,0,0,0,0,0,0,0,0,1,1,0,0,0,0,0,0,0,1
830,32,1,4,84047,4683,0,0,1,0,0,0,0,0,0,0,1,0,0,1,0,0,1,0,0,0,0
831,47,2,3,93054,4243,0,0,0,0,0,0,1,0,0,0,0,1,0,0,0,1,0,0,0,0,1
832,53,2,2,84764,4409,1,0,0,0,0,0,0,0,0,0,1,0,0,0,1,0,0,1,0,0,0
833,61,1,3,120277,4617,0,0,0,0,0,0,0,0,0,1,1,0,0,0,1,0,0,0,1,0,0
834,56,2,3,81661,4965,0,0,0,0,0,0,1,0,0,0,1,0,0,1,0,0,0,0,0,0,1
835,45,1,5,149893,5120,0,0,0,0,0,1,0,0,0,0,1,0,0,1,0,0,0,1,0,0,0
836,45,2,1,81515,5001,0,0,0,0,0,0,0,0,1,0,0,1,0,1,0,0,0,0,1,0,0
837,55,2,3,95898,4309,0,1,0,0,0,0,0,0,0,0,0,1,0,0,1,0,0,0,0,1,0
838,42,2,3,90000,4774,0,0,0,0,0,0,0,0,0,1,0,1,0,0,0,1,0,0,0,1,0
839,60,3,2,111896,5597,0,0,0,0,0,1,0,0,0,0,0,1,0,1,0,0,0,0,1,0,0
840,53,1,5,130082,4734,0,1,0,0,0,0,0,0,0,0,0,1,0,0,1,0,0,1,0,0,0
841,60,2,5,130417,4694,0,0,0,0,0,0,0,1,0,0,1,0,0,0,0,1,0,1,0,0,0
842,34,1,2,38855,4503,0,0,0,0,0,0,1,0,0,0,1,0,1,0,0,0,0,1,0,0,0
843,25,1,4,81057,5259,0,0,0,0,0,0,0,0,1,0,0,1,0,1,0,0,1,0,0,0,0
844,41,1,5,117215,4322,1,0,0,0,0,0,0,0,0,0,0,1,0,1,0,0,0,0,1,0,0
845,49,1,4,96232,3697,0,0,0,1,0,0,0,0,0,0,1,0,0,1,0,0,1,0,0,0,0
846,64,1,5,141186,3415,0,0,1,0,0,0,0,0,0,0,0,1,0,0,0,1,0,0,0,1,0
847,52,2,2,114943,3438,0,0,0,0,0,1,0,0,0,0,0,1,0,1,0,0,0,0,0,1,0
848,43,1,4,107640,3896,1,0,0,0,0,0,0,0,0,0,0,1,0,0,0,1,1,0,0,0,0
849,31,2,1,80259,4791,0,0,0,0,0,1,0,0,0,0,0,1,1,0,0,0,0,0,0,1,0
850,48,1,5,86563,4415,0,0,0,0,0,0,1,0,0,0,1,0,1,0,0,0,0,0,0,1,0
851,20,1,2,61589,3990,1,0,0,0,0,0,0,0,0,0,0,1,0,1,0,0,0,0,0,1,0
852,35,1,2,74829,4263,0,0,0,0,0,0,0,0,0,1,0,1,0,1,0,0,1,0,0,0,0
853,44,1,2,72248,3634,0,0,0,1,0,0,0,0,0,0,1,0,0,0,1,0,1,0,0,0,0
854,49,2,3,91342,4516,0,0,0,0,0,0,0,1,0,0,0,1,0,1,0,0,0,0,0,1,0
855,49,2,2,101140,4851,0,0,0,0,0,0,0,1,0,0,0,1,0,0,1,0,0,0,0,1,0
856,51,2,1,62600,4300,0,0,0,0,0,0,1,0,0,0,0,1,0,0,0,1,0,0,0,0,1
857,21,1,2,65313,4685,0,0,0,0,0,0,0,0,1,0,0,1,0,1,0,0,0,1,0,0,0
858,41,1,5,123153,4111,0,0,0,0,0,1,0,0,0,0,0,1,1,0,0,0,1,0,0,0,0
859,27,1,3,57500,3665,0,0,0,0,1,0,0,0,0,0,0,1,0,1,0,0,0,0,1,0,0
860,37,1,3,115604,4098,0,0,0,0,0,1,0,0,0,0,0,1,0,0,0,1,1,0,0,0,0
861,18,1,1,55555,4390,0,0,0,0,0,0,0,0,1,0,0,1,0,1,0,0,0,0,0,0,1
862,58,1,5,124166,3875,1,0,0,0,0,0,0,0,0,0,0,1,0,0,0,1,0,1,0,0,0
863,50,2,3,101050,3879,0,0,0,0,1,0,0,0,0,0,0,1,0,0,1,0,0,0,1,0,0
864,56,1,5,125828,3961,1,0,0,0,0,0,0,0,0,0,1,0,1,0,0,0,0,1,0,0,0
865,45,1,3,75017,5576,0,0,0,1,0,0,0,0,0,0,1,0,0,1,0,0,0,0,1,0,0
866,40,1,4,100415,3871,0,0,0,0,0,0,1,0,0,0,1,0,0,0,1,0,0,1,0,0,0
867,57,1,3,145095,3889,0,0,0,0,0,1,0,0,0,0,1,0,0,0,1,0,0,0,0,1,0
868,63,2,5,115641,4339,1,0,0,0,0,0,0,0,0,0,1,0,0,1,0,0,1,0,0,0,0
869,59,1,5,160460,2930,0,0,0,0,0,0,0,0,1,0,0,1,1,0,0,0,0,0,0,0,1
870,45,2,2,85947,3909,0,0,1,0,0,0,0,0,0,0,0,1,0,1,0,0,1,0,0,0,0
871,48,1,5,119058,4037,0,0,1,0,0,0,0,0,0,0,1,0,1,0,0,0,0,1,0,0,0
872,56,1,4,106722,4044,0,0,0,0,0,0,0,0,0,1,1,0,1,0,0,0,1,0,0,0,0
873,41,2,3,91129,4825,0,0,1,0,0,0,0,0,0,0,1,0,0,0,0,1,0,0,0,1,0
874,59,1,4,135512,3955,0,0,0,1,0,0,0,0,0,0,0,1,0,0,0,1,0,0,0,0,1
875,49,2,1,92891,3578,0,0,1,0,0,0,0,0,0,0,1,0,1,0,0,0,0,0,0,1,0
876,64,3,3,124151,3392,0,0,1,0,0,0,0,0,0,0,0,1,0,1,0,0,1,0,0,0,0
877,58,1,5,141005,3384,1,0,0,0,0,0,0,0,0,0,1,0,0,1,0,0,0,0,0,0,1
878,36,1,2,115742,3661,0,0,0,0,0,1,0,0,0,0,0,1,0,1,0,0,0,0,0,1,0
879,31,1,2,93358,3223,0,0,0,0,1,0,0,0,0,0,0,1,0,0,1,0,0,0,0,0,1
880,44,1,5,131411,3084,0,0,0,0,1,0,0,0,0,0,1,0,0,1,0,0,0,0,0,0,1
881,61,2,1,96900,4157,0,0,0,0,0,0,0,1,0,0,1,0,1,0,0,0,0,0,0,0,1
882,59,3,2,98995,4596,0,0,0,0,1,0,0,0,0,0,0,1,0,0,1,0,0,0,0,0,1
883,57,3,3,109645,5472,0,0,0,0,1,0,0,0,0,0,0,1,0,1,0,0,0,0,0,0,1
884,39,2,1,61609,3738,0,0,1,0,0,0,0,0,0,0,0,1,1,0,0,0,0,0,0,0,1
885,56,2,3,88820,4289,0,0,0,0,0,0,1,0,0,0,1,0,0,1,0,0,0,1,0,0,0
886,61,1,5,122352,3590,1,0,0,0,0,0,0,0,0,0,0,1,0,0,1,0,1,0,0,0,0
887,53,1,4,112489,4237,0,0,0,0,0,0,1,0,0,0,1,0,0,0,1,0,0,0,1,0,0
888,29,1,1,86650,3518,0,0,0,0,0,0,0,0,1,0,0,1,0,1,0,0,0,0,0,0,1
889,62,3,2,101284,4993,1,0,0,0,0,0,0,0,0,0,0,1,0,1,0,0,0,0,0,1,0
890,41,1,2,119794,3712,0,0,0,0,0,1,0,0,0,0,0,1,0,0,1,0,0,0,0,0,1
891,58,2,1,96609,3044,0,0,0,1,0,0,0,0,0,0,0,1,0,0,1,0,0,0,0,1,0
892,38,1,1,53839,3270,0,0,0,0,0,0,1,0,0,0,1,0,0,0,0,1,0,1,0,0,0
893,29,1,2,84725,3274,0,0,1,0,0,0,0,0,0,0,0,1,0,0,1,0,0,0,0,1,0
894,57,2,1,64807,3887,0,0,0,0,1,0,0,0,0,0,1,0,0,1,0,0,1,0,0,0,0
895,28,1,1,41151,4296,0,0,0,0,1,0,0,0,0,0,1,0,0,1,0,0,0,0,1,0,0
896,48,1,4,114031,4510,0,0,1,0,0,0,0,0,0,0,1,0,1,0,0,0,1,0,0,0,0
897,33,1,1,59493,3955,0,1,0,0,0,0,0,0,0,0,0,1,0,1,0,0,0,0,1,0,0
898,42,1,2,119893,3721,0,0,0,0,0,1,0,0,0,0,1,0,0,1,0,0,0,0,1,0,0
899,60,2,1,131980,3841,0,0,0,0,0,1,0,0,0,0,0,1,1,0,0,0,0,0,0,0,1
900,52,1,3,94154,3964,0,0,0,0,0,0,0,1,0,0,1,0,0,1,0,0,0,0,0,0,1
901,60,1,4,114906,4766,0,0,0,0,0,0,1,0,0,0,1,0,1,0,0,0,0,0,1,0,0
902,63,1,4,115981,2661,0,1,0,0,0,0,0,0,0,0,1,0,0,0,1,0,0,0,1,0,0
903,37,1,2,78836,3588,1,0,0,0,0,0,0,0,0,0,0,1,0,0,0,1,1,0,0,0,0
904,64,2,2,112719,3382,0,1,0,0,0,0,0,0,0,0,0,1,0,0,1,0,0,0,0,1,0
905,59,1,3,93018,2730,0,0,0,0,0,0,1,0,0,0,1,0,0,0,1,0,0,0,0,0,1
906,55,2,2,69928,4811,0,0,0,0,0,0,1,0,0,0,1,0,1,0,0,0,0,0,0,0,1
907,57,2,1,104623,3791,0,0,0,0,0,0,0,0,1,0,1,0,0,1,0,0,0,1,0,0,0
908,55,2,2,103328,4543,0,1,0,0,0,0,0,0,0,0,0,1,1,0,0,0,1,0,0,0,0
909,47,2,1,68643,4674,0,0,1,0,0,0,0,0,0,0,0,1,0,1,0,0,0,0,1,0,0
910,33,1,1,63914,3521,0,0,0,1,0,0,0,0,0,0,1,0,0,1,0,0,0,0,0,0,1
911,45,2,1,67296,4780,0,0,0,0,0,0,0,1,0,0,0,1,0,1,0,0,0,1,0,0,0
912,44,1,3,90474,3530,0,0,0,1,0,0,0,0,0,0,1,0,1,0,0,0,0,0,0,0,1
913,22,1,1,60026,4605,0,1,0,0,0,0,0,0,0,0,1,0,0,1,0,0,1,0,0,0,0
914,41,1,5,108587,4275,0,0,0,0,0,0,1,0,0,0,1,0,0,0,0,1,0,0,1,0,0
915,61,1,4,139042,2982,0,0,1,0,0,0,0,0,0,0,1,0,0,0,1,0,0,1,0,0,0
916,65,1,5,116803,3431,0,1,0,0,0,0,0,0,0,0,0,1,0,1,0,0,0,0,0,1,0
917,57,1,3,101423,3641,0,0,0,0,0,0,0,1,0,0,1,0,0,0,1,0,0,0,0,1,0
918,36,1,1,86375,3368,0,0,0,0,0,0,0,0,1,0,0,1,0,0,1,0,0,0,0,1,0
919,31,1,1,49449,4149,0,0,0,0,1,0,0,0,0,0,0,1,1,0,0,0,0,0,0,1,0
920,56,2,3,95995,4045,0,0,0,0,0,0,1,0,0,0,1,0,0,1,0,0,0,0,0,0,1
921,51,1,2,118282,3599,0,0,0,0,0,0,0,0,1,0,0,1,1,0,0,0,0,0,1,0,0
922,47,1,3,99472,3943,0,0,0,0,1,0,0,0,0,0,1,0,0,0,0,1,0,0,0,1,0
923,55,1,3,135638,2824,0,0,0,0,0,1,0,0,0,0,1,0,0,1,0,0,1,0,0,0,0
924,50,1,3,85648,2728,0,0,0,0,1,0,0,0,0,0,0,1,1,0,0,0,0,0,0,1,0
925,58,1,4,121457,4723,1,0,0,0,0,0,0,0,0,0,1,0,0,0,0,1,0,0,1,0,0
926,57,1,2,114141,3746,1,0,0,0,0,0,0,0,0,0,1,0,0,0,0,1,0,0,0,1,0
927,58,1,4,179726,4284,0,0,0,0,0,1,0,0,0,0,0,1,0,0,0,1,0,0,1,0,0
928,64,1,5,107572,3107,0,0,0,0,0,0,1,0,0,0,1,0,1,0,0,0,1,0,0,0,0
929,65,2,5,142505,4214,0,0,0,0,0,0,0,1,0,0,1,0,0,0,0,1,0,0,0,0,1
930,43,1,4,108719,4143,0,0,1,0,0,0,0,0,0,0,0,1,0,0,0,1,0,0,0,0,1
931,36,1,4,109832,3528,0,0,0,0,1,0,0,0,0,0,0,1,0,1,0,0,0,0,0,0,1
932,60,1,4,127250,4263,0,0,0,0,0,0,0,0,1,0,0,1,0,0,0,1,1,0,0,0,0
933,50,1,3,106279,3892,0,0,0,0,0,0,0,1,0,0,1,0,0,0,1,0,0,0,0,0,1
934,37,1,1,81547,3510,0,0,0,0,0,0,0,0,1,0,0,1,0,1,0,0,0,0,0,0,1
935,56,1,2,95798,2530,1,0,0,0,0,0,0,0,0,0,0,1,0,0,1,0,1,0,0,0,0
936,47,1,3,106916,3959,0,0,0,0,0,1,0,0,0,0,1,0,0,1,0,0,0,0,1,0,0
937,59,2,1,124782,4618,0,0,0,0,0,1,0,0,0,0,0,1,0,0,0,1,1,0,0,0,0
938,53,1,4,126256,3463,0,0,0,0,0,0,0,0,0,1,0,1,1,0,0,0,0,0,0,1,0
939,59,1,3,92257,3908,0,0,0,0,1,0,0,0,0,0,1,0,0,0,0,1,0,1,0,0,0
940,62,1,3,124660,2200,0,0,0,0,0,0,0,0,1,0,0,1,0,1,0,0,0,0,0,0,1
941,32,2,1,59377,5236,0,0,0,0,1,0,0,0,0,0,1,0,0,1,0,0,0,1,0,0,0
942,38,1,2,76726,4204,0,0,0,0,0,0,1,0,0,0,1,0,0,0,0,1,0,1,0,0,0
943,54,1,5,112502,3988,0,0,0,0,1,0,0,0,0,0,1,0,0,1,0,0,0,1,0,0,0
944,65,2,2,128730,3247,1,0,0,0,0,0,0,0,0,0,0,1,0,0,1,0,0,0,0,0,1
945,61,2,1,136836,4070,0,0,0,0,0,1,0,0,0,0,0,1,1,0,0,0,0,0,0,0,1
946,51,1,3,89272,2600,0,0,0,0,1,0,0,0,0,0,0,1,0,1,0,0,0,1,0,0,0
947,62,1,3,101515,2251,0,0,1,0,0,0,0,0,0,0,1,0,0,1,0,0,0,0,0,1,0
948,36,1,1,93855,4099,0,0,0,0,0,0,0,0,1,0,0,1,0,0,1,0,0,0,0,1,0
949,30,1,2,36642,4388,0,0,0,1,0,0,0,0,0,0,0,1,1,0,0,0,0,0,0,1,0
950,60,1,3,112604,3366,0,0,0,0,0,0,0,1,0,0,0,1,1,0,0,0,0,0,0,1,0
951,49,1,1,67089,3078,0,0,1,0,0,0,0,0,0,0,1,0,0,0,0,1,0,1,0,0,0
952,51,1,2,97789,3536,0,1,0,0,0,0,0,0,0,0,1,0,0,0,0,1,0,0,1,0,0
953,62,1,3,123333,3353,1,0,0,0,0,0,0,0,0,0,0,1,0,0,0,1,1,0,0,0,0
954,62,1,2,105771,2978,0,0,0,0,1,0,0,0,0,0,0,1,0,0,0,1,0,0,1,0,0
955,46,1,1,54945,2991,0,0,0,0,0,0,1,0,0,0,1,0,1,0,0,0,1,0,0,0,0
956,65,1,2,121239,3078,1,0,0,0,0,0,0,0,0,0,1,0,0,0,0,1,0,0,0,1,0
957,64,2,1,87314,3688,1,0,0,0,0,0,0,0,0,0,1,0,0,1,0,0,0,0,0,0,1
958,65,1,3,124530,3647,0,1,0,0,0,0,0,0,0,0,1,0,0,0,0,1,0,0,0,1,0
959,45,1,2,67150,3255,0,1,0,0,0,0,0,0,0,0,1,0,1,0,0,0,0,0,0,0,1
960,39,1,4,99643,3789,0,0,1,0,0,0,0,0,0,0,0,1,1,0,0,0,0,1,0,0,0
961,54,1,3,92468,3242,0,0,0,0,0,0,0,1,0,0,0,1,1,0,0,0,1,0,0,0,0
962,47,1,2,63300,3655,0,0,1,0,0,0,0,0,0,0,1,0,1,0,0,0,0,0,0,1,0
963,55,2,1,91447,3196,0,0,0,0,1,0,0,0,0,0,0,1,0,0,1,0,0,0,0,1,0
964,58,2,1,60271,3927,0,0,0,0,0,0,1,0,0,0,1,0,0,1,0,0,0,0,0,1,0
965,34,1,1,45915,4765,0,0,0,0,0,0,0,0,0,1,0,1,0,0,1,0,0,0,0,1,0
966,53,1,1,66028,3745,0,0,0,0,0,0,1,0,0,0,1,0,0,0,1,0,0,0,0,1,0
967,57,1,5,113031,3409,0,0,0,0,0,0,0,1,0,0,0,1,0,0,0,1,1,0,0,0,0
968,62,1,3,132815,3367,0,0,0,0,0,0,0,0,1,0,0,1,0,1,0,0,0,0,0,0,1
969,52,1,1,110078,1703,0,0,0,0,0,1,0,0,0,0,0,1,0,1,0,0,0,0,1,0,0
970,57,1,3,106918,3180,1,0,0,0,0,0,0,0,0,0,0,1,0,0,1,0,0,0,0,0,1
971,60,1,3,106045,3079,0,0,0,0,0,0,0,0,1,0,0,1,0,1,0,0,1,0,0,0,0
972,65,1,2,107479,2051,0,0,0,0,0,0,0,0,0,1,0,1,0,1,0,0,0,0,0,1,0
973,64,1,1,109606,2193,0,0,0,0,0,0,0,0,1,0,0,1,0,0,1,0,0,0,0,0,1
974,44,1,3,91300,3680,0,0,0,0,0,0,1,0,0,0,1,0,0,1,0,0,0,1,0,0,0
975,56,1,1,88195,2375,0,0,0,0,0,0,0,1,0,0,0,1,0,1,0,0,0,0,1,0,0
976,54,1,2,90999,2963,0,0,1,0,0,0,0,0,0,0,1,0,0,0,1,0,0,0,0,1,0
977,58,1,3,86795,3453,0,0,0,0,0,0,0,1,0,0,1,0,1,0,0,0,0,0,0,1,0
978,59,1,3,110627,2041,0,0,0,0,1,0,0,0,0,0,1,0,1,0,0,0,0,0,0,0,1
979,52,1,3,97696,3888,0,0,0,0,0,0,1,0,0,0,1,0,0,0,0,1,0,0,0,0,1
980,64,1,1,92950,2125,0,0,0,0,1,0,0,0,0,0,0,1,0,0,1,0,0,0,0,0,1
981,56,1,1,82164,2611,0,0,0,0,0,0,0,1,0,0,0,1,0,1,0,0,0,0,0,1,0
982,62,1,3,119069,2788,0,0,0,0,0,0,0,0,1,0,0,1,0,1,0,0,0,0,1,0,0
983,59,1,1,62738,2656,0,0,0,0,0,0,1,0,0,0,1,0,1,0,0,0,0,1,0,0,0
984,53,1,2,112169,2763,0,0,0,0,1,0,0,0,0,0,1,0,0,1,0,0,1,0,0,0,0
985,55,1,1,120574,2683,0,0,0,0,0,1,0,0,0,0,0,1,0,1,0,0,1,0,0,0,0
986,54,1,2,97311,3083,1,0,0,0,0,0,0,0,0,0,0,1,1,0,0,0,0,0,0,0,1
987,59,1,3,98796,3042,0,0,0,0,0,0,1,0,0,0,1,0,0,1,0,0,0,0,0,1,0
988,62,1,2,102593,1823,0,0,0,0,0,0,0,1,0,0,0,1,0,0,1,0,1,0,0,0,0
989,65,1,2,96665,2645,0,0,1,0,0,0,0,0,0,0,1,0,0,1,0,0,1,0,0,0,0
990,61,1,1,91030,3318,0,0,0,1,0,0,0,0,0,0,1,0,0,0,1,0,0,1,0,0,0
991,65,1,1,106945,2041,0,0,0,0,1,0,0,0,0,0,1,0,0,0,1,0,1,0,0,0,0
992,63,1,2,81545,3418,0,0,0,1,0,0,0,0,0,0,1,0,1,0,0,0,1,0,0,0,0
993,65,1,1,80789,1884,0,0,0,0,0,0,1,0,0,0,1,0,0,0,1,0,1,0,0,0,0
994,64,1,2,85253,2777,0,0,0,0,0,0,1,0,0,0,1,0,0,0,0,1,1,0,0,0,0
995,61,1,1,62644,3270,0,0,0,0,0,0,1,0,0,0,1,0,0,1,0,0,1,0,0,0,0
996,57,1,2,108977,3567,1,0,0,0,0,0,0,0,0,0,0,1,0,0,1,0,0,0,0,0,1
997,48,1,1,92347,2724,0,0,1,0,0,0,0,0,0,0,0,1,0,1,0,0,0,0,0,1,0
998,65,2,1,97376,2225,0,0,1,0,0,0,0,0,0,0,0,1,0,1,0,0,1,0,0,0,0
999,60,1,2,123108,2244,0,0,1,0,0,0,0,0,0,0,0,1,0,0,0,1,0,0,0,0,1
